PAIS,FORMATO,ZONA,CODIGO_FAMILIA,CATEGORY_NBR,CATEGORY_DESC,MARCA,FINELINE,N_FINELINE,N_MARCA,COST_UNIT,SELL_QTY,TOTAL_SKUS,ITEM_PRIMARIO,DESC_PRIMARIO,VENTAS_PRIMARIO,PRECIO_PRIMARIO,ROTACION_PRIMARIO,N_PRECIOS_DISTINTOS,SKUS_IGUAL_PRECIO,SKUS_DIFERENTE_PRECIO,SKUS_SIN_PRECIO,PCT_ALINEACION,OBSERVACIONES
CR,SUPERMERCADOS,SAN JOSE,FAM_1_4_10004_0001,6894,BEVERAGE ALCOHOL - BEER D96,MODELO,CERVEZA LAGER UNIDAD,1025,4259,705.233,355.0,1,70361612,CERVEZA MODELO ESPECIAL BOTELLA 355 ML,0,1040.0,,1,1,0,0,100.0,Familia con un solo articulo | Primario sin ventas registradas
CR,SUPERMERCADOS,SAN JOSE,FAM_1_4_10004_0002,6987,BEVERAGES - CARBONATED-D95,COCA-COLA,BEB COLA LIGHT PERSO,1702,1324,2849.86,2840.0,1,75152246,REFRESC GAS COCA COLA ZERO 8P 2840ML,31500.0,3560.0,10.0,1,1,0,0,100.0,Familia con un solo articulo
CR,SUPERMERCADOS,SAN JOSE,FAM_1_4_10004_0003,6894,BEVERAGE ALCOHOL - BEER D96,BUDWEISER,CERVEZA LAGER UNIDAD,1025,890,1049.996,740.0,1,75495146,CERVEZA BUDWEISER 740 ML,23199.0,1380.0,19.0,1,1,0,0,100.0,Familia con un solo articulo
CR,SUPERMERCADOS,SAN JOSE,FAM_1_4_10004_0004,6894,BEVERAGE ALCOHOL - BEER D96,COSTA RICA'S CRAFT,CERVEZA ARTESANAL,1028,52757,1294.2907,355.0,2,70451827,CERVEZA INDOMITO INDIAN PALE LAT 355 ML,8799.0,1420.0,7.0,2,1,1,0,50.0,1/2 SKUs desalineados
CR,SUPERMERCADOS,SAN JOSE,FAM_1_4_10004_0005,6894,BEVERAGE ALCOHOL - BEER D96,CEZKA,CERVEZA LAGER PAQ,1000,50116,2985.3018,3960.0,1,70098423,CERVEZ CEZKA PAGUE10 LLEVE12 LAT 330ML,0,4800.0,,1,1,0,0,100.0,Familia con un solo articulo | Primario sin ventas registradas
CR,SUPERMERCADOS,SAN JOSE,FAM_1_4_10004_0006,6894,BEVERAGE ALCOHOL - BEER D96,ROCK ICE,CERVEZA LAGER UNIDAD,1025,5456,709.301,350.0,1,70240238,CERVEZA ROCK ICE BOT LIM 350 ML,2229.0,840.0,3.0,1,1,0,0,100.0,Familia con un solo articulo
CR,SUPERMERCADOS,SAN JOSE,FAM_1_4_10004_0007,6894,BEVERAGE ALCOHOL - BEER D96,IMPERIAL,CERVEZA LAGER PAQ,1000,3035,4263.9985,2100.0,4,9664358,CERVEZA IMPERIAL LIGHT LATA 6P 350 ML,187155.0,4700.0,45.0,1,4,0,0,100.0,OK
CR,SUPERMERCADOS,SAN JOSE,FAM_1_4_10004_0008,6987,BEVERAGES - CARBONATED-D95,POSTOBON,BEB SABOR REGUL FAMI,1754,50890,1595.56,3000.0,2,75302247,2 PK GAS MAN COL 3000 ML,0,2190.0,,1,2,0,0,100.0,Primario sin ventas registradas
CR,SUPERMERCADOS,SAN JOSE,FAM_1_4_10004_0009,6987,BEVERAGES - CARBONATED-D95,KOLA SHALER,BEB COLA REGUL PERSO,1706,14608,480.25,354.0,2,75210917,COLA KOLA SHALER 354ML,0,640.0,,1,2,0,0,100.0,Primario sin ventas registradas
CR,SUPERMERCADOS,SAN JOSE,FAM_1_4_10004_0010,6987,BEVERAGES - CARBONATED-D95,CANADA DRY,BEB COLA LIGHT PERSO,1702,969,734.4661,600.0,1,9510535,REFRESC GAS GINGER ALE LIGHT PET 600ML,96864.0,850.0,129.0,1,1,0,0,100.0,Familia con un solo articulo
CR,SUPERMERCADOS,SAN JOSE,FAM_1_4_10004_0011,6894,BEVERAGE ALCOHOL - BEER D96,POLAR,CERVEZA LAGER UNIDAD,1025,5078,937.5271,355.0,1,75280476,POLAR PILSENER EN VIDRIO 355 ML,5752.0,1250.0,6.0,1,1,0,0,100.0,Familia con un solo articulo
CR,SUPERMERCADOS,SAN JOSE,FAM_1_4_10004_0012,6894,BEVERAGE ALCOHOL - BEER D96,DAMM,CERVEZA LAGER PAQ GF,1001,44749,4260.1,2640.0,1,75495607,8 PK CERVEZAS LATA DEL MUNDO 2640 ML,0,5680.0,,1,1,0,0,100.0,Familia con un solo articulo | Primario sin ventas registradas
CR,SUPERMERCADOS,SAN JOSE,FAM_1_4_10004_0013,6894,BEVERAGE ALCOHOL - BEER D96,MILLER,CERVEZA LAGER UNIDAD,1025,4203,844.11,355.0,2,70021467,CERVEZA MILLER HIGH LIFE BOTELLA 355 ML,9668.0,1020.0,12.0,2,1,1,0,50.0,1/2 SKUs desalineados
CR,SUPERMERCADOS,SAN JOSE,FAM_1_4_10004_0014,6987,BEVERAGES - CARBONATED-D95,COCA-COLA,BEB COLA LIGHT PERSO,1702,1324,651.0043,354.0,1,9515085,REFRES GAS COCA COLA LIGHT LATA 354ML,22216.0,840.0,30.0,1,1,0,0,100.0,Familia con un solo articulo
CR,SUPERMERCADOS,SAN JOSE,FAM_1_4_10004_0015,6894,BEVERAGE ALCOHOL - BEER D96,FLENSBURGER,CERVEZA LAGER UNIDAD,1025,50043,1469.0,330.0,3,75400208,CERVEZA FLENSBURGER DUNKEL 330 ML,0,2260.0,,1,3,0,0,100.0,Primario sin ventas registradas
CR,SUPERMERCADOS,SAN JOSE,FAM_1_4_10004_0016,6894,BEVERAGE ALCOHOL - BEER D96,AMBAR,CERVEZA ARTESANAL,1028,216,975.19,350.0,1,70370311,CERVEZA ESTILO PILSENER BOTELLA 350ML,0,750.0,,1,1,0,0,100.0,Familia con un solo articulo | Primario sin ventas registradas
CR,SUPERMERCADOS,SAN JOSE,FAM_1_4_10004_0017,6894,BEVERAGE ALCOHOL - BEER D96,ESTRELLA,CERVEZA LAGER UNIDAD,1025,2142,1073.0254,330.0,1,70602951,ESTRELLA GALICIA ESPECIAL 330 ML,0,1100.0,,1,1,0,0,100.0,Familia con un solo articulo | Primario sin ventas registradas
CR,SUPERMERCADOS,SAN JOSE,FAM_1_4_10004_0018,6894,BEVERAGE ALCOHOL - BEER D96,BUDWEISER,CERVEZA LAGER UNIDAD,1025,890,1119.83,740.0,1,70326206,CERVEZA BUDWEISER LATA 740ML,0,1380.0,,1,1,0,0,100.0,Familia con un solo articulo | Primario sin ventas registradas
CR,SUPERMERCADOS,SAN JOSE,FAM_1_4_10004_0019,6894,BEVERAGE ALCOHOL - BEER D96,PERONI,CERVEZA LAGER PAQ GF,1001,4915,7160.81,1392.0,1,75495608,CERV PEONNI BOT MAS SNACK QUESO 1392 ML,0,9550.0,,1,1,0,0,100.0,Familia con un solo articulo | Primario sin ventas registradas
CR,SUPERMERCADOS,SAN JOSE,FAM_1_4_10004_0020,6894,BEVERAGE ALCOHOL - BEER D96,PILSEN,CERVEZA PILSENER PAQ,1250,4986,4263.9985,2100.0,2,9664337,CERVEZA PILSEN LATA 6PACK 350 ML,158042.0,4700.0,38.0,1,2,0,0,100.0,OK
CR,SUPERMERCADOS,SAN JOSE,FAM_1_4_10004_0021,6987,BEVERAGES - CARBONATED-D95,EVERVESS,BEB SABOR REGUL PERS,1756,2175,628.28,600.0,3,9521273,REFRESC GAS EVERVESS SODA QUINA 600ML,60389.0,820.0,98.0,3,1,2,0,33.33333333333333,Alta dispersion: 3 precios distintos | 2/3 SKUs desalineados
CR,SUPERMERCADOS,SAN JOSE,FAM_1_4_10004_0022,6894,BEVERAGE ALCOHOL - BEER D96,IMPERIAL,CERVEZA LAGER UNIDAD,1025,3035,709.301,350.0,4,70384854,CERVEZA IMPERIAL ULTRA VIDRIO 350 ML,6534.0,820.0,9.0,3,2,2,0,50.0,Alta dispersion: 3 precios distintos | 2/4 SKUs desalineados
CR,SUPERMERCADOS,SAN JOSE,FAM_1_4_10004_0023,6894,BEVERAGE ALCOHOL - BEER D96,TECATE,CERVEZA LAGER PAQ,1000,6270,4739.22,3784.0,1,75380220,CERVEZA TECATE LIGHT 8X6 3784 ML,0,6080.0,,1,1,0,0,100.0,Familia con un solo articulo | Primario sin ventas registradas
CR,SUPERMERCADOS,SAN JOSE,FAM_1_4_10004_0024,6894,BEVERAGE ALCOHOL - BEER D96,NATURAL LIGHT,CERVEZA LAGER PAQ,1000,230608,2319.89,2130.0,1,75187771,CERVEZA NATURAL LIGHT 6 PACK 355ML,0,2900.0,,1,1,0,0,100.0,Familia con un solo articulo | Primario sin ventas registradas
CR,SUPERMERCADOS,SAN JOSE,FAM_1_4_10004_0025,6894,BEVERAGE ALCOHOL - BEER D96,LEFFE,CERVEZA ARTESANAL,1028,3673,889.875,330.0,2,70593514,CERVEZA LEFFE RUBIA BOTELLA 330ML,0,1430.0,,1,2,0,0,100.0,Primario sin ventas registradas
CR,SUPERMERCADOS,SAN JOSE,FAM_1_4_10004_0026,6894,BEVERAGE ALCOHOL - BEER D96,PILSEN,CERVEZA PILSENER PAQ,1250,4986,10217.2001,5250.0,2,70000470,CERVEZA PILSEN LATA 15PK 350 ML,105138.0,10800.0,11.0,2,1,1,0,50.0,1/2 SKUs desalineados
CR,SUPERMERCADOS,SAN JOSE,FAM_1_4_10004_0027,6894,BEVERAGE ALCOHOL - BEER D96,PILSEN,CERVEZA PILSENER UND,1275,4986,984.004,473.0,1,9643764,CERVEZA PILSEN LATA 473ML,22848.0,1230.0,21.0,1,1,0,0,100.0,Familia con un solo articulo
CR,SUPERMERCADOS,SAN JOSE,FAM_1_4_10004_0028,6894,BEVERAGE ALCOHOL - BEER D96,ESTRELLA,CERVEZA LAGER UNIDAD,1025,2142,983.1,330.0,1,70404427,CERVEZA ESTRELLA DE GALICIA LATA 330,0,1190.0,,1,1,0,0,100.0,Familia con un solo articulo | Primario sin ventas registradas
CR,SUPERMERCADOS,SAN JOSE,FAM_1_4_10004_0029,6894,BEVERAGE ALCOHOL - BEER D96,CORONA,CERVEZA LAGER UNIDAD,1025,1434,3075.0125,1242.0,2,75295153,CERVEZA CORONITA BOTELLA 6 PK 207 ML,0,3000.0,,1,2,0,0,100.0,Primario sin ventas registradas
CR,SUPERMERCADOS,SAN JOSE,FAM_1_4_10004_0030,6894,BEVERAGE ALCOHOL - BEER D96,PERONI,CERVEZA LAGER PAQ,1000,4915,899.48,330.0,1,70654555,CERVEZA PERONI NASTRO AZZURRO 330ML,0,920.0,,1,1,0,0,100.0,Familia con un solo articulo | Primario sin ventas registradas
CR,SUPERMERCADOS,SAN JOSE,FAM_1_4_10004_0031,6987,BEVERAGES - CARBONATED-D95,FANTA,BEB SABOR REGUL FAMI,1754,2238,1154.9956,2500.0,3,75046963,FANTA NARANJA BOT RETORNABLE 2500ML,11474.0,1310.0,10.0,1,3,0,0,100.0,OK
CR,SUPERMERCADOS,SAN JOSE,FAM_1_4_10004_0032,6987,BEVERAGES - CARBONATED-D95,MIRINDA,BEB SABOR REGUL PERS,1756,4229,628.28,600.0,1,9521294,REFRESC GAS MIRINDA PET 600ML,8901.0,780.0,13.0,1,1,0,0,100.0,Familia con un solo articulo
CR,SUPERMERCADOS,SAN JOSE,FAM_1_4_10004_0033,6894,BEVERAGE ALCOHOL - BEER D96,STELLA ARTOIS,CERVEZA LAGER PAQ,1000,6054,4875.1025,1980.0,1,75525774,CERVEZA STELA 6PK LT 1980ML,0,6440.0,,1,1,0,0,100.0,Familia con un solo articulo | Primario sin ventas registradas
CR,SUPERMERCADOS,SAN JOSE,FAM_1_4_10004_0034,6894,BEVERAGE ALCOHOL - BEER D96,DAMM,CERVEZA LAGER UNIDAD,1025,44749,666.7,330.0,2,75276748,CERVEZA DAMM TOSTADA S ALC 330ML LAT,3940.0,890.0,5.0,1,2,0,0,100.0,OK
CR,SUPERMERCADOS,SAN JOSE,FAM_1_4_10004_0035,6987,BEVERAGES - CARBONATED-D95,COCA-COLA,BEB COLA REGUL FAMIL,1704,1324,1154.9956,2500.0,1,9510766,REFRESC GAS COCA COLA RETORNABLE 2500ML,118420.0,1200.0,112.0,1,1,0,0,100.0,Familia con un solo articulo
CR,SUPERMERCADOS,SAN JOSE,FAM_1_4_10004_0036,6894,BEVERAGE ALCOHOL - BEER D96,IMPERIAL,CERVEZA LAGER PAQ,1000,3035,10217.2001,5250.0,4,70336679,CERVEZA IMPERIAL LATA 15PACK 5250ML,181602.0,10800.0,19.0,2,3,1,0,75.0,1/4 SKUs desalineados
CR,SUPERMERCADOS,SAN JOSE,FAM_1_4_10004_0037,6894,BEVERAGE ALCOHOL - BEER D96,PRESIDENTE,CERVEZA PILSENER UND,1275,5150,712.5102,355.0,1,75348872,CERVEZA PRESIDENTE BOTELLA 355 ML,0,950.0,,1,1,0,0,100.0,Familia con un solo articulo | Primario sin ventas registradas
CR,SUPERMERCADOS,SAN JOSE,FAM_1_4_10004_0038,6894,BEVERAGE ALCOHOL - BEER D96,LINDEMANS,CERVEZA LAGER UNIDAD,1025,3738,2131.18,250.0,1,70425772,CERVEZA LINDEMANS ARTESAN MELOCOTO 250ML,0,2590.0,,1,1,0,0,100.0,Familia con un solo articulo | Primario sin ventas registradas
CR,SUPERMERCADOS,SAN JOSE,FAM_1_4_10004_0039,6987,BEVERAGES - CARBONATED-D95,FANTA,BEB SABOR REGUL PERS,1756,2238,437.2535,355.0,2,70467922,GASEOSA FANTA NARANJA PET 355ML,19467.0,520.0,44.0,2,1,1,0,50.0,1/2 SKUs desalineados
CR,SUPERMERCADOS,SAN JOSE,FAM_1_4_10004_0040,6894,BEVERAGE ALCOHOL - BEER D96,BAVARIA,CERVEZA LAGER PAQ,1000,587,4704.19,2100.0,2,9664274,CERVEZA BAVARIA LIGHT 350ML 6PACK,0,5000.0,,1,2,0,0,100.0,Primario sin ventas registradas
CR,SUPERMERCADOS,SAN JOSE,FAM_1_4_10004_0041,6987,BEVERAGES - CARBONATED-D95,COTUBA,BEB SABOR REGUL PERS,1756,1464,537.88,600.0,1,70522371,BEBIDA GUARANA COTUBA 600 ML,8354.0,500.0,19.0,1,1,0,0,100.0,Familia con un solo articulo
CR,SUPERMERCADOS,SAN JOSE,FAM_1_4_10004_0042,6894,BEVERAGE ALCOHOL - BEER D96,KUNSTMANN,CERVEZA LAGER UNIDAD,1025,231109,950.7029,330.0,2,75378809,CERVEZA KUNSTMANN VALDIVIA PALE L 330 ML,0,1280.0,,1,2,0,0,100.0,Primario sin ventas registradas
CR,SUPERMERCADOS,SAN JOSE,FAM_1_4_10004_0043,6894,BEVERAGE ALCOHOL - BEER D96,ESTRELLA,CERVEZA LAGER UNIDAD,1025,2142,705.3121,250.0,1,75297877,CERVEZA ESTRELLA GALICIA 0.0 250 ML,0,960.0,,1,1,0,0,100.0,Familia con un solo articulo | Primario sin ventas registradas
CR,SUPERMERCADOS,SAN JOSE,FAM_1_4_10004_0044,6987,BEVERAGES - CARBONATED-D95,EVERVESS,BEB SABOR REGUL FAMI,1754,2175,1279.9171,3000.0,1,70207009,GASEOSA EVERVESS GINGER ALE 3000 ML,31350.0,1610.0,22.0,1,1,0,0,100.0,Familia con un solo articulo
CR,SUPERMERCADOS,SAN JOSE,FAM_1_4_10004_0045,6987,BEVERAGES - CARBONATED-D95,KOLA SHALER,BEB COLA REGUL PERSO,1706,14608,706.25,473.0,2,75210916,COLA KOLA SHALER 473ML,0,940.0,,1,2,0,0,100.0,Primario sin ventas registradas
CR,SUPERMERCADOS,SAN JOSE,FAM_1_4_10004_0046,6987,BEVERAGES - CARBONATED-D95,FANTA,BEB SABOR REGUL FAMI,1754,2238,1620.7477,2500.0,2,70599685,GASEOSA FANTA NARANJA ORIG  2500ML,21277.0,2020.0,12.0,2,1,1,0,50.0,1/2 SKUs desalineados
CR,SUPERMERCADOS,SAN JOSE,FAM_1_4_10004_0047,6894,BEVERAGE ALCOHOL - BEER D96,MODELO,CERVEZA LAGER UNIDAD,1025,4259,690.0119,355.0,1,75495152,CERVEZA MODELO ESPECIAL LATA 355ML,31201.0,910.0,56.0,1,1,0,0,100.0,Familia con un solo articulo
CR,SUPERMERCADOS,SAN JOSE,FAM_1_4_10004_0048,6894,BEVERAGE ALCOHOL - BEER D96,ESTRELLA,CERVEZA LAGER UNIDAD,1025,2142,769.53,250.0,1,75297878,CERVEZA ESTRELLA GALICIA 0 TOSTADA250ML,1380.0,780.0,2.0,1,1,0,0,100.0,Familia con un solo articulo
CR,SUPERMERCADOS,SAN JOSE,FAM_1_4_10004_0049,6894,BEVERAGE ALCOHOL - BEER D96,MILLER,CERVEZA PILSENER PAQ,1250,4203,4811.54,2130.0,2,75467465,CERVEZA MILLER LITE 6PCK COOZIE 2130 ML,0,5000.0,,1,2,0,0,100.0,Primario sin ventas registradas
CR,SUPERMERCADOS,SAN JOSE,FAM_1_4_10004_0050,6987,BEVERAGES - CARBONATED-D95,COTUBA,BEB SABOR LIGHT FAMI,1750,1464,904.0,2000.0,1,70677268,BEBIDA GUARANA COTUBA ZERO 2000 ML,0,1130.0,,1,1,0,0,100.0,Familia con un solo articulo | Primario sin ventas registradas
CR,SUPERMERCADOS,SAN JOSE,FAM_1_4_10004_0051,6987,BEVERAGES - CARBONATED-D95,COCA-COLA,CAJA/ENV PLAST/GASEO,1708,1324,61.02,1.0,1,9509268,CAJA VACIA COCA 9 CAV 2 L RETO S ENV 1EA,0,7000.0,,1,1,0,0,100.0,Familia con un solo articulo | Primario sin ventas registradas
CR,SUPERMERCADOS,SAN JOSE,FAM_1_4_10004_0052,6894,BEVERAGE ALCOHOL - BEER D96,KEYSTONE LIGHT,CERVEZA LAGER UNIDAD,1025,231083,468.95,355.0,1,75408278,CERVEZA KEYSTONE LIGHT 355 ML,2695.0,609.0,5.0,1,1,0,0,100.0,Familia con un solo articulo
CR,SUPERMERCADOS,SAN JOSE,FAM_1_4_10004_0053,6894,BEVERAGE ALCOHOL - BEER D96,IMPERIAL,CERVEZA LAGER UNIDAD,1025,3035,643.7045,350.0,3,75306308,IMPERIAL MICHE LIMON 350 ML LT SLEEK,21390.0,780.0,31.0,2,2,1,0,66.66666666666666,1/3 SKUs desalineados
CR,SUPERMERCADOS,SAN JOSE,FAM_1_4_10004_0054,6987,BEVERAGES - CARBONATED-D95,COCA-COLA,BEB PACK PERSONAL,1760,1324,3312.3803,1896.0,3,70425051,MINI COCA COLA  ZERO LATA 8PK 237 ML,157186.0,4140.0,43.0,3,1,2,0,33.33333333333333,Alta dispersion: 3 precios distintos | 2/3 SKUs desalineados
CR,SUPERMERCADOS,SAN JOSE,FAM_1_4_10004_0055,6987,BEVERAGES - CARBONATED-D95,MILORY,BEB SABOR REGUL FAMI,1754,4206,1279.9171,3000.0,2,9500819,REFRESC GAS MILORY KOLA PET 3000ML,2938.0,1660.0,2.0,1,2,0,0,100.0,OK
CR,SUPERMERCADOS,SAN JOSE,FAM_1_4_10004_0056,6894,BEVERAGE ALCOHOL - BEER D96,BLUE MOON,CERVEZA LAGER UNIDAD,1025,43793,1048.64,355.0,1,70547858,CERVEZA BLUE MOON ARTESANAL 355ML,0,1250.0,,1,1,0,0,100.0,Familia con un solo articulo | Primario sin ventas registradas
CR,SUPERMERCADOS,SAN JOSE,FAM_1_4_10004_0057,6894,BEVERAGE ALCOHOL - BEER D96,ROCK ICE,CERVEZA LAGER UNIDAD,1025,5456,758.9871,350.0,3,70239564,CERVEZA LATA ROCK ICE LIMON 350 ML,6849.0,860.0,9.0,2,2,1,0,66.66666666666666,1/3 SKUs desalineados
CR,SUPERMERCADOS,SAN JOSE,FAM_1_4_10004_0058,6987,BEVERAGES - CARBONATED-D95,POSTOBON,BEB SABOR LIGHT FAMI,1750,50890,1088.19,1500.0,1,75228366,GASEO POSTOBON MANZANA CERO 1500 ML,0,1430.0,,1,1,0,0,100.0,Familia con un solo articulo | Primario sin ventas registradas
CR,SUPERMERCADOS,SAN JOSE,FAM_1_4_10004_0059,6987,BEVERAGES - CARBONATED-D95,FANTA,BEB SABOR REGUL FAMI,1754,2238,1901.6205,3000.0,2,9539480,REFRESCO GASEOSA FANTA NARANJA 3000ML,87688.0,2500.0,49.0,1,2,0,0,100.0,OK
CR,SUPERMERCADOS,SAN JOSE,FAM_1_4_10004_0060,6987,BEVERAGES - CARBONATED-D95,CANADA DRY,BEB SABOR REGUL FAMI,1754,969,1266.3797,2000.0,2,9518158,REFRESC GAS LIGA SODA CANAD D 2000 ML,0,1760.0,,1,2,0,0,100.0,Primario sin ventas registradas
CR,SUPERMERCADOS,SAN JOSE,FAM_1_4_10004_0061,6894,BEVERAGE ALCOHOL - BEER D96,ESTRELLA,CERVEZA ARTESANAL,1028,2142,937.335,330.0,1,70332138,CERVEZA ESTRELLA MEDITERRANEA LATA 330ML,0,810.0,,1,1,0,0,100.0,Familia con un solo articulo | Primario sin ventas registradas
CR,SUPERMERCADOS,SAN JOSE,FAM_1_4_10004_0062,6894,BEVERAGE ALCOHOL - BEER D96,CEZKA,CERVEZA LAGER PAQ,1000,50116,6304.9028,7920.0,1,70464111,CERVEZA CEZKA LAGER 4 ALC 24PK 7920ML,19965.0,7520.0,3.0,1,1,0,0,100.0,Familia con un solo articulo
CR,SUPERMERCADOS,SAN JOSE,FAM_1_4_10004_0063,6987,BEVERAGES - CARBONATED-D95,POSTOBON,BEB SABOR REGUL FAMI,1754,50890,986.49,1500.0,2,75302245,GAS POST MANZ GD 1500 ML,0,1360.0,,2,1,1,0,50.0,Primario sin ventas registradas | 1/2 SKUs desalineados
CR,SUPERMERCADOS,SAN JOSE,FAM_1_4_10004_0064,6894,BEVERAGE ALCOHOL - BEER D96,CORONA,CERVEZA LAGER UNIDAD,1025,1434,885.0273,355.0,1,70080533,CERVEZA CORONA LATA 355 ML,0,830.0,,1,1,0,0,100.0,Familia con un solo articulo | Primario sin ventas registradas
CR,SUPERMERCADOS,SAN JOSE,FAM_1_4_10004_0065,6894,BEVERAGE ALCOHOL - BEER D96,CARLSBERG,CERVEZA PILSENER PAQ,1250,1034,7976.67,4950.0,1,75427237,CERV CARLSBERG 15 PK HIELERA 4950 ML,0,10230.0,,1,1,0,0,100.0,Familia con un solo articulo | Primario sin ventas registradas
CR,SUPERMERCADOS,SAN JOSE,FAM_1_4_10004_0066,6987,BEVERAGES - CARBONATED-D95,PEPSI,BEB COLA REGUL FAMIL,1704,4907,960.5,2500.0,1,70268318,REFRESCO GASEOSO PEPSI PET 2500ML,65226.0,1000.0,74.0,1,1,0,0,100.0,Familia con un solo articulo
CR,SUPERMERCADOS,SAN JOSE,FAM_1_4_10004_0067,6987,BEVERAGES - CARBONATED-D95,FRESCA,BEB SABOR REGUL FAMI,1754,2441,1337.9652,2500.0,1,70058779,GASEOSA SIN AZUCAR FRESCA 2500 ML,75373.0,1500.0,57.0,1,1,0,0,100.0,Familia con un solo articulo
CR,SUPERMERCADOS,SAN JOSE,FAM_1_4_10004_0068,6894,BEVERAGE ALCOHOL - BEER D96,MILLER,CERVEZA LAGER UNIDAD,1025,4203,5217.21,2130.0,1,70493752,CERVEZA MILLER MGD BOTELL 6PACK 355ML,0,5800.0,,1,1,0,0,100.0,Familia con un solo articulo | Primario sin ventas registradas
CR,SUPERMERCADOS,SAN JOSE,FAM_1_4_10004_0069,6894,BEVERAGE ALCOHOL - BEER D96,BOHEMIA,CERVEZA LAGER UNIDAD,1025,788,1004.5022,710.0,1,70590328,CERVEZA BOHEMIA LATA 710ML,13351.0,1160.0,13.0,1,1,0,0,100.0,Familia con un solo articulo
CR,SUPERMERCADOS,SAN JOSE,FAM_1_4_10004_0070,6894,BEVERAGE ALCOHOL - BEER D96,PERONI,CERVEZA LAGER PAQ,1000,4915,4983.3,1980.0,1,75380139,CERVEZA PERONNI 6PK 1980 ML,0,4500.0,,1,1,0,0,100.0,Familia con un solo articulo | Primario sin ventas registradas
CR,SUPERMERCADOS,SAN JOSE,FAM_1_4_10004_0071,6987,BEVERAGES - CARBONATED-D95,FANTA,CAJA/ENV PLAST/GASEO,1708,2238,42.94,2000.0,1,70022601,GASEOSA FANTA ENVASE NARANJA RP 2000ML,0,460.0,,1,1,0,0,100.0,Familia con un solo articulo | Primario sin ventas registradas
CR,SUPERMERCADOS,SAN JOSE,FAM_1_4_10004_0072,6894,BEVERAGE ALCOHOL - BEER D96,CRBF,CERVEZA ARTESANAL,1028,49285,1458.83,350.0,1,70000337,CERVE CRBF ARTESANAL ESCALANTE BOT 350ML,0,1980.0,,1,1,0,0,100.0,Familia con un solo articulo | Primario sin ventas registradas
CR,SUPERMERCADOS,SAN JOSE,FAM_1_4_10004_0073,6987,BEVERAGES - CARBONATED-D95,MUG ROOT BEER,BEB SABOR REGUL FAMI,1754,15461,1480.3,3000.0,1,9538801,REFRESCO GAS MUG ZARZA PET 3000ML,16742.0,1720.0,11.0,1,1,0,0,100.0,Familia con un solo articulo
CR,SUPERMERCADOS,SAN JOSE,FAM_1_4_10004_0074,6894,BEVERAGE ALCOHOL - BEER D96,CORONA,CERVEZA LAGER PAQ,1000,1434,4425.08,2130.0,1,75398886,CERVEZA CORONA 6 PACK LATA 355 ML,0,6300.0,,1,1,0,0,100.0,Familia con un solo articulo | Primario sin ventas registradas
CR,SUPERMERCADOS,SAN JOSE,FAM_1_4_10004_0075,6987,BEVERAGES - CARBONATED-D95,DOS PINOS,BEB SABOR LIGHT FAMI,1750,1870,1030.56,2000.0,2,75002708,GASEOSA ALMA PIT HIER BU 2000ML PET,12390.0,1000.0,14.0,1,2,0,0,100.0,OK
CR,SUPERMERCADOS,SAN JOSE,FAM_1_4_10004_0076,6987,BEVERAGES - CARBONATED-D95,COCA-COLA,BEB COLA REGUL PERSO,1706,1324,734.4661,600.0,1,9518893,REFRESC GAS COCA COLA ORIGINAL PET 600ML,120062.0,850.0,170.0,1,1,0,0,100.0,Familia con un solo articulo
CR,SUPERMERCADOS,SAN JOSE,FAM_1_4_10004_0077,6987,BEVERAGES - CARBONATED-D95,COCA-COLA,BEB COLA LIGHT FAMIL,1700,1324,1305.5116,2500.0,1,70177208,GASEOSA SIN AZUCAR COCA COLA 2500ML,322348.0,1500.0,244.0,1,1,0,0,100.0,Familia con un solo articulo
CR,SUPERMERCADOS,SAN JOSE,FAM_1_4_10004_0078,6987,BEVERAGES - CARBONATED-D95,7UP,BEB COLA REGUL PERSO,1706,31,621.5,355.0,1,75274053,BEBIDA CARBONATADA 7 UP CHERRY 355ML,0,850.0,,1,1,0,0,100.0,Familia con un solo articulo | Primario sin ventas registradas
CR,SUPERMERCADOS,SAN JOSE,FAM_1_4_10004_0079,6987,BEVERAGES - CARBONATED-D95,MOUNTAIN DEW,BEB COLA REGUL PERSO,1706,4361,621.5,355.0,1,75254958,BEBIDA MOUNTAIN DEW 355ML,0,500.0,,1,1,0,0,100.0,Familia con un solo articulo | Primario sin ventas registradas
CR,SUPERMERCADOS,SAN JOSE,FAM_1_4_10004_0080,6987,BEVERAGES - CARBONATED-D95,INCA KOLA,BEB SABOR REGUL FAMI,1754,3046,2534.025,1500.0,1,70131641,REFRESCO GASEOSO INKA KOLA PET 1500ML,8655.0,3260.0,3.0,1,1,0,0,100.0,Familia con un solo articulo
CR,SUPERMERCADOS,SAN JOSE,FAM_1_4_10004_0081,6987,BEVERAGES - CARBONATED-D95,FANTA,CAJA/ENV PLAST/GASEO,1708,2238,2299.55,1.0,1,70022642,CAJA VACIA FANTA 8 CAV  RP ENV 1UN,44.0,25.0,2.0,1,1,0,0,100.0,Familia con un solo articulo
CR,SUPERMERCADOS,SAN JOSE,FAM_1_4_10004_0082,6894,BEVERAGE ALCOHOL - BEER D96,TUKAN,CERVEZA LAGER UNIDAD,1025,54741,449.74,330.0,1,70428411,CERV TUKAN TROPIC BEER LAT 330ML 1X24 4,3582.0,450.0,9.0,1,1,0,0,100.0,Familia con un solo articulo
CR,SUPERMERCADOS,SAN JOSE,FAM_1_4_10004_0083,6894,BEVERAGE ALCOHOL - BEER D96,COORS LIGHT,CERVEZA LAGER PAQ,1000,34351,4289.48,2124.0,1,70579480,CERVEZA COORS LIGHT LATA 6PACK 2124ML,0,5000.0,,1,1,0,0,100.0,Familia con un solo articulo | Primario sin ventas registradas
CR,SUPERMERCADOS,SAN JOSE,FAM_1_4_10004_0084,6987,BEVERAGES - CARBONATED-D95,COTUBA,BEB SABOR LIGHT PERS,1752,1464,526.58,600.0,1,70522370,BEBIDA GUARANA COTUBA ZERO 600 ML,0,680.0,,1,1,0,0,100.0,Familia con un solo articulo | Primario sin ventas registradas
CR,SUPERMERCADOS,SAN JOSE,FAM_1_4_10004_0085,6894,BEVERAGE ALCOHOL - BEER D96,HEINEKEN,CERVEZA LAGER UNIDAD,1025,2863,824.9,355.0,2,70193948,CERVEZA HEINEKEN BOTELLA UNIDAD 355ML,85845.0,1000.0,97.0,2,1,1,0,50.0,1/2 SKUs desalineados
CR,SUPERMERCADOS,SAN JOSE,FAM_1_4_10004_0086,6894,BEVERAGE ALCOHOL - BEER D96,DUVEL,CERVEZA ARTESANAL,1028,47718,2429.3644,330.0,1,70593512,DUVEL CERVEZA ARTESANAL GOLDEN ALE 330ML,0,2630.0,,1,1,0,0,100.0,Familia con un solo articulo | Primario sin ventas registradas
CR,SUPERMERCADOS,SAN JOSE,FAM_1_4_10004_0087,6894,BEVERAGE ALCOHOL - BEER D96,BUSCH,CERVEZA LAGER PAQ,1000,44136,427.5129,355.0,2,75495144,CERVEZA BUSCH LIGHT LT 355ML,0,570.0,,1,2,0,0,100.0,Primario sin ventas registradas
CR,SUPERMERCADOS,SAN JOSE,FAM_1_4_10004_0088,6894,BEVERAGE ALCOHOL - BEER D96,GRACIA,CERVEZA ARTESANAL,1028,2704,1571.83,330.0,1,70602820,CERVEZA GRACIA ALBA BOTELLA 330 ML,0,2160.0,,1,1,0,0,100.0,Familia con un solo articulo | Primario sin ventas registradas
CR,SUPERMERCADOS,SAN JOSE,FAM_1_4_10004_0089,6987,BEVERAGES - CARBONATED-D95,FRESCA,BEB COLA LIGHT FAMIL,1700,2441,1031.2493,1500.0,1,75009125,GASEOSA FRESCA 1500ML PET,16848.0,1190.0,16.0,1,1,0,0,100.0,Familia con un solo articulo
CR,SUPERMERCADOS,SAN JOSE,FAM_1_4_10004_0090,6894,BEVERAGE ALCOHOL - BEER D96,HARBOE,CERVEZA LAGER UNIDAD,1025,230986,553.7,500.0,1,75303721,CERVEZA HARBOE LAGER LATA 500 24 ML EA,0,740.0,,1,1,0,0,100.0,Familia con un solo articulo | Primario sin ventas registradas
CR,SUPERMERCADOS,SAN JOSE,FAM_1_4_10004_0091,6987,BEVERAGES - CARBONATED-D95,FANTA,BEB SABOR REGUL FAMI,1754,2238,1584.0001,3000.0,1,75078810,FANTA UVA 3000ML PET,19332.0,1820.0,12.0,1,1,0,0,100.0,Familia con un solo articulo
CR,SUPERMERCADOS,SAN JOSE,FAM_1_4_10004_0092,6894,BEVERAGE ALCOHOL - BEER D96,ESTRELLA,CERVEZA ARTESANAL,1028,2142,1115.31,330.0,1,70332137,CERVEZA ESTRELLA DAMM MEDITERRANEA 330ML,0,1320.0,,1,1,0,0,100.0,Familia con un solo articulo | Primario sin ventas registradas
CR,SUPERMERCADOS,SAN JOSE,FAM_1_4_10004_0093,6894,BEVERAGE ALCOHOL - BEER D96,MODELO,CERVEZA LAGER UNIDAD,1025,4259,694.5658,355.0,1,70674332,CERVEZA MODELO LATA 355ML,0,910.0,,1,1,0,0,100.0,Familia con un solo articulo | Primario sin ventas registradas
CR,SUPERMERCADOS,SAN JOSE,FAM_1_4_10004_0094,6894,BEVERAGE ALCOHOL - BEER D96,HEINEKEN,CERVEZA LAGER PAQ,1000,2863,4724.53,1980.0,1,75314807,HEINEKEN 0 0 330ML LT 6 PK 1980 ML,53537.0,5500.0,11.0,1,1,0,0,100.0,Familia con un solo articulo
CR,SUPERMERCADOS,SAN JOSE,FAM_1_4_10004_0095,6894,BEVERAGE ALCOHOL - BEER D96,BAVARIA,CERVEZA LAGER UNIDAD,1025,587,750.32,355.0,1,70197263,CERVEZA BAVARIA MASTER EDITION BOT 355ML,132095.0,1030.0,170.0,1,1,0,0,100.0,Familia con un solo articulo
CR,SUPERMERCADOS,SAN JOSE,FAM_1_4_10004_0096,6894,BEVERAGE ALCOHOL - BEER D96,SOL,CERVEZA LAGER UNIDAD,1025,5935,799.9948,355.0,1,75271354,SOL 355 ML LT SLEEK,0,500.0,,1,1,0,0,100.0,Familia con un solo articulo | Primario sin ventas registradas
CR,SUPERMERCADOS,SAN JOSE,FAM_1_4_10004_0097,6894,BEVERAGE ALCOHOL - BEER D96,SOL,CERVEZA LAGER UNIDAD,1025,5935,740.9975,330.0,1,70306147,SOL VIDR 330ML,266258.0,980.0,366.0,1,1,0,0,100.0,Familia con un solo articulo
CR,SUPERMERCADOS,SAN JOSE,FAM_1_4_10004_0098,6987,BEVERAGES - CARBONATED-D95,POSTOBON,BEB SABOR REGUL PERS,1756,50890,986.49,1500.0,1,75333622,GAS POST MANZ GD K17 1500 ML,3504.0,1320.0,3.0,1,1,0,0,100.0,Familia con un solo articulo
CR,SUPERMERCADOS,SAN JOSE,FAM_1_4_10004_0099,6987,BEVERAGES - CARBONATED-D95,COCA-COLA,BEB PACK FAMILIAR,1758,1324,3535.1259,6000.0,2,75046960,2P 3L COCA MAS GINGER ALE 3000 ML,77933.0,3400.0,26.0,1,2,0,0,100.0,OK
CR,SUPERMERCADOS,SAN JOSE,FAM_1_4_10004_0100,6894,BEVERAGE ALCOHOL - BEER D96,MOOSEHEAD,CERVEZA LAGER UNIDAD,1025,43551,734.5,355.0,2,70023101,CERVEZA MOOSEHEAD RADLER LATA 355ML,11148.0,1050.0,12.0,2,1,1,0,50.0,1/2 SKUs desalineados
CR,SUPERMERCADOS,SAN JOSE,FAM_1_4_10004_0101,6894,BEVERAGE ALCOHOL - BEER D96,GUINNESS,CERVEZA LAGER UNIDAD,1025,2768,1364.9948,330.0,2,70497876,CERVEZA GUINNESS FOREIGN EXTRA BOT 330ML,49383.0,1800.0,31.0,1,2,0,0,100.0,OK
CR,SUPERMERCADOS,SAN JOSE,FAM_1_4_10004_0102,6894,BEVERAGE ALCOHOL - BEER D96,BOHEMIA,CERVEZA LAGER UNIDAD,1025,788,409.9979,350.0,1,9654789,CERVEZA BOHEMIA LATA 350ML,26680.0,520.0,58.0,1,1,0,0,100.0,Familia con un solo articulo
CR,SUPERMERCADOS,SAN JOSE,FAM_1_4_10004_0103,6987,BEVERAGES - CARBONATED-D95,COTUBA,BEB SABOR LIGHT PERS,1752,1464,461.04,355.0,2,75003032,GASEOSA COTUBA CERO 355ML LATA,4862.0,500.0,11.0,1,2,0,0,100.0,OK
CR,SUPERMERCADOS,SAN JOSE,FAM_1_4_10004_0104,6987,BEVERAGES - CARBONATED-D95,COCA-COLA,BEB COLA REGUL FAMIL,1704,1324,1901.6205,3000.0,1,9522120,REFRESC GAS COCA COLA ORIGINAL PE 3000ML,193352.0,2500.0,88.0,1,1,0,0,100.0,Familia con un solo articulo
CR,SUPERMERCADOS,SAN JOSE,FAM_1_4_10004_0105,6987,BEVERAGES - CARBONATED-D95,COTUBA,BEB SABOR REGUL PERS,1756,1464,546.92,600.0,2,70474098,BEBIDA GUARANA COTUBA 600 ML,0,500.0,,1,2,0,0,100.0,Primario sin ventas registradas
CR,SUPERMERCADOS,SAN JOSE,FAM_1_4_10004_0106,6894,BEVERAGE ALCOHOL - BEER D96,BUD LIGHT,CERVEZA LAGER UNIDAD,1025,42493,644.9927,355.0,1,75519437,CERVEZA BUD LIGHT LT 355 ML,8272.0,850.0,11.0,1,1,0,0,100.0,Familia con un solo articulo
CR,SUPERMERCADOS,SAN JOSE,FAM_1_4_10004_0107,6894,BEVERAGE ALCOHOL - BEER D96,BAVARIA,CERVEZA LAGER PAQ,1000,587,4312.08,2100.0,2,70035391,CERVEZ BAVARIA LIGHT LAT SLEEK 6P 2100ML,88500.0,5000.0,20.0,1,2,0,0,100.0,OK
CR,SUPERMERCADOS,SAN JOSE,FAM_1_4_10004_0108,6894,BEVERAGE ALCOHOL - BEER D96,BUD LIGHT,CERVEZA LAGER UNIDAD,1025,42493,694.95,355.0,1,75193137,CERVEZA BUD LIGHT BOTELLA 355 ML,0,930.0,,1,1,0,0,100.0,Familia con un solo articulo | Primario sin ventas registradas
CR,SUPERMERCADOS,SAN JOSE,FAM_1_4_10004_0109,6987,BEVERAGES - CARBONATED-D95,PEPSI,BEB COLA REGUL FAMIL,1704,4907,888.18,2500.0,1,70601186,PEPSI ZERO 2 5L PET,115050.0,1000.0,130.0,1,1,0,0,100.0,Familia con un solo articulo
CR,SUPERMERCADOS,SAN JOSE,FAM_1_4_10004_0110,6894,BEVERAGE ALCOHOL - BEER D96,GRACIA,CERVEZA ARTESANAL,1028,2704,1572.8696,330.0,1,70602822,CERVEZA GRACIA MISTICA 330 ML,0,2160.0,,1,1,0,0,100.0,Familia con un solo articulo | Primario sin ventas registradas
CR,SUPERMERCADOS,SAN JOSE,FAM_1_4_10004_0111,6894,BEVERAGE ALCOHOL - BEER D96,PILSEN,CERVEZA LAGER PAQ,1000,4986,4263.9985,2100.0,1,75479812,CERV PILSEN AHUMADA 350ML LT 6PK 2100 ML,33272.0,4700.0,8.0,1,1,0,0,100.0,Familia con un solo articulo
CR,SUPERMERCADOS,SAN JOSE,FAM_1_4_10004_0112,6987,BEVERAGES - CARBONATED-D95,COCA-COLA,BEB COLA REGUL FAMIL,1704,1324,2405.0129,6000.0,2,75263528,COCA COLA Y JUGO DEL VALLE 2 PACK 6000ML,2655.0,3000.0,1.0,1,2,0,0,100.0,OK
CR,SUPERMERCADOS,SAN JOSE,FAM_1_4_10004_0113,6894,BEVERAGE ALCOHOL - BEER D96,IMPERIAL,CERVEZA LAGER UNIDAD,1025,3035,984.004,473.0,3,70039622,CERVEZA IMPERIAL SILVER LATA 473ML,14144.0,1230.0,13.0,1,3,0,0,100.0,OK
CR,SUPERMERCADOS,SAN JOSE,FAM_1_4_10004_0114,6894,BEVERAGE ALCOHOL - BEER D96,KELER,CERVEZA LAGER UNIDAD,1025,50826,519.8,330.0,1,70428383,CERVEZA KELER LATA 330ML 1X24,0,590.0,,1,1,0,0,100.0,Familia con un solo articulo | Primario sin ventas registradas
CR,SUPERMERCADOS,SAN JOSE,FAM_1_4_10004_0115,6894,BEVERAGE ALCOHOL - BEER D96,SANROQUE,CERVEZA ARTESANAL,1028,50802,1384.25,350.0,3,70268525,CERVEZA SAN ROQUE ALE TERCIOPELO 350ML,0,1820.0,,1,3,0,0,100.0,Primario sin ventas registradas
CR,SUPERMERCADOS,SAN JOSE,FAM_1_4_10004_0116,6894,BEVERAGE ALCOHOL - BEER D96,ASAHI INDUSTRY,CERVEZA LAGER PAQ,1000,52816,899.48,330.0,1,70487868,CEERVEZA ASAHI DRY BOTELLA 330 ML,19968.0,940.0,24.0,1,1,0,0,100.0,Familia con un solo articulo
CR,SUPERMERCADOS,SAN JOSE,FAM_1_4_10004_0117,6987,BEVERAGES - CARBONATED-D95,COCA-COLA,BEB PACK PERSONAL,1760,1324,2459.9987,6000.0,1,75437976,2 PK CCZA CCZA 3L6000ML,180540.0,3000.0,68.0,1,1,0,0,100.0,Familia con un solo articulo
CR,SUPERMERCADOS,SAN JOSE,FAM_1_4_10004_0118,6894,BEVERAGE ALCOHOL - BEER D96,BAVARIA,CERVEZA LAGER UNIDAD,1025,587,805.69,350.0,1,9608295,BAVARIA CERVEZA PREMIUM LATA GOLD 350 ML,0,1000.0,,1,1,0,0,100.0,Familia con un solo articulo | Primario sin ventas registradas
CR,SUPERMERCADOS,SAN JOSE,FAM_1_4_10004_0119,6894,BEVERAGE ALCOHOL - BEER D96,ESTRELLA,CERVEZA ALE UNIDAD,1300,2142,731.11,330.0,1,70593520,CERVEZA ESTRELLA MEDITERRANEA LATA 330ML,11472.0,810.0,16.0,1,1,0,0,100.0,Familia con un solo articulo
CR,SUPERMERCADOS,SAN JOSE,FAM_1_4_10004_0120,6987,BEVERAGES - CARBONATED-D95,INCA KOLA,BEB SABOR REGUL FAMI,1754,3046,1243.0,500.0,2,70127997,BEBIDA GASEOS INCA KOLA SIN AZUCAR 500ML,10593.0,1330.0,9.0,1,2,0,0,100.0,OK
CR,SUPERMERCADOS,SAN JOSE,FAM_1_4_10004_0121,6987,BEVERAGES - CARBONATED-D95,FANTA,BEB SABOR REGUL PERS,1756,2238,734.4661,600.0,3,9518851,REFRESC GAS FANTA KOLITA PET 600ML,20981.0,850.0,28.0,1,3,0,0,100.0,OK
CR,SUPERMERCADOS,SAN JOSE,FAM_1_4_10004_0122,6894,BEVERAGE ALCOHOL - BEER D96,IMPERIAL,CERVEZA LAGER PAQ,1000,3035,10217.46,5250.0,1,75495074,IMPERIAL 350ML LT 15PK VASO TER 5250 ML,9558.0,10800.0,1.0,1,1,0,0,100.0,Familia con un solo articulo
CR,SUPERMERCADOS,SAN JOSE,FAM_1_4_10004_0123,6894,BEVERAGE ALCOHOL - BEER D96,BUSCH LIGHT,CERVEZA LAGER PAQ,1000,52976,735.0311,740.0,1,75348871,CERVEZA BUSCH LIGHT LATA 740 ML,0,1070.0,,1,1,0,0,100.0,Familia con un solo articulo | Primario sin ventas registradas
CR,SUPERMERCADOS,SAN JOSE,FAM_1_4_10004_0124,6894,BEVERAGE ALCOHOL - BEER D96,CRBF,CERVEZA ARTESANAL,1028,49285,1346.0108,350.0,1,70000338,CERVEZA CRBF ARTESANAL DOTA BOT 350ML,0,2000.0,,1,1,0,0,100.0,Familia con un solo articulo | Primario sin ventas registradas
CR,SUPERMERCADOS,SAN JOSE,FAM_1_4_10004_0125,6894,BEVERAGE ALCOHOL - BEER D96,TOÑA,CERVEZA LAGER UNIDAD,1025,6413,878.01,355.0,1,9633215,CERVEZA TONA ABRE FACIL BOTELLA 355 ML,23800.0,960.0,28.0,1,1,0,0,100.0,Familia con un solo articulo
CR,SUPERMERCADOS,SAN JOSE,FAM_1_4_10004_0126,6987,BEVERAGES - CARBONATED-D95,COCA-COLA,BEB COLA REGUL PERSO,1706,1324,621.5,355.0,2,75244618,COCA COLA SABOR VAINILLA 355ML,8272.0,850.0,11.0,1,2,0,0,100.0,OK
CR,SUPERMERCADOS,SAN JOSE,FAM_1_4_10004_0127,6894,BEVERAGE ALCOHOL - BEER D96,PAULANER,CERVEZA ALE UNIDAD,1300,4860,1326.0098,500.0,2,70076341,PAULANER MUENCHNER HELL LATA 500ML,4380.0,1650.0,3.0,2,1,1,0,50.0,1/2 SKUs desalineados
CR,SUPERMERCADOS,SAN JOSE,FAM_1_4_10004_0128,6894,BEVERAGE ALCOHOL - BEER D96,BAVARIA,CERVEZA LAGER UNIDAD,1025,587,4312.08,2100.0,1,70505674,BAVARIA MASTERS ED 350ML LTRG 6U MULTIEM,30975.0,5000.0,7.0,1,1,0,0,100.0,Familia con un solo articulo
CR,SUPERMERCADOS,SAN JOSE,FAM_1_4_10004_0129,6894,BEVERAGE ALCOHOL - BEER D96,DELIRIUM,CERVEZA ARTESANAL,1028,49989,2825.0,330.0,2,70590029,CERVEZA DELIRIUM TREMENS BOTELLA 330ML,6690.0,3780.0,2.0,1,2,0,0,100.0,OK
CR,SUPERMERCADOS,SAN JOSE,FAM_1_4_10004_0130,6987,BEVERAGES - CARBONATED-D95,MUG ROOT BEER,BEB SABOR REGUL PERS,1756,15461,628.28,600.0,1,9525620,REFRESCO GASEOSO MUG ZARZA PET 600ML,0,780.0,,1,1,0,0,100.0,Familia con un solo articulo | Primario sin ventas registradas
CR,SUPERMERCADOS,SAN JOSE,FAM_1_4_10004_0131,6894,BEVERAGE ALCOHOL - BEER D96,STELLA ARTOIS,CERVEZA LAGER UNIDAD,1025,6054,5249.98,1980.0,1,75525776,CERVEZA STELLA 6 PK VD 1980ML,0,6930.0,,1,1,0,0,100.0,Familia con un solo articulo | Primario sin ventas registradas
CR,SUPERMERCADOS,SAN JOSE,FAM_1_4_10004_0132,6894,BEVERAGE ALCOHOL - BEER D96,MILLER,CERVEZA LAGER UNIDAD,1025,4203,5204.78,2130.0,2,70077506,CERVEZA MILLER MGD BOTELL 6PACK 355ML,0,5800.0,,1,2,0,0,100.0,Primario sin ventas registradas
CR,SUPERMERCADOS,SAN JOSE,FAM_1_4_10004_0133,6894,BEVERAGE ALCOHOL - BEER D96,CORAL,CERVEZA LAGER UNIDAD,1025,230851,776.9654,355.0,1,75264907,CERVEZACRAFTBREWCORALLATA355ML,735.0,830.0,1.0,1,1,0,0,100.0,Familia con un solo articulo
CR,SUPERMERCADOS,SAN JOSE,FAM_1_4_10004_0134,6894,BEVERAGE ALCOHOL - BEER D96,IMPERIAL,CERVEZA LAGER UNIDAD,1025,3035,1193.0992,710.0,3,70262859,CERVEZA IMPERILA LATA 710 ML,67677.0,1500.0,51.0,1,3,0,0,100.0,OK
CR,SUPERMERCADOS,SAN JOSE,FAM_1_4_10004_0135,6987,BEVERAGES - CARBONATED-D95,RAMUNE,BEB SABOR REGUL PERS,1756,230754,1299.9972,200.0,3,75253976,SODA SANGARIA RAMUNE MELON 200ML,0,1740.0,,1,3,0,0,100.0,Primario sin ventas registradas
CR,SUPERMERCADOS,SAN JOSE,FAM_1_4_10004_0136,6987,BEVERAGES - CARBONATED-D95,7UP,BEB SABOR REGUL FAMI,1754,31,1480.3,3000.0,1,9539508,REFRESCO GASEO 7UP LIMA LIMON PET 3000ML,32714.0,1680.0,22.0,1,1,0,0,100.0,Familia con un solo articulo
CR,SUPERMERCADOS,SAN JOSE,FAM_1_4_10004_0137,6894,BEVERAGE ALCOHOL - BEER D96,COORS LIGHT,CERVEZA LAGER UNIDAD,1025,34351,741.28,354.0,2,70579481,CERVEZA COORS LIGHT LATA 354ML,4776.0,900.0,6.0,2,1,1,0,50.0,1/2 SKUs desalineados
CR,SUPERMERCADOS,SAN JOSE,FAM_1_4_10004_0138,6894,BEVERAGE ALCOHOL - BEER D96,MILLER,CERVEZA LAGER UNIDAD,1025,4203,4811.54,2130.0,1,70493751,CERVEZA MILLER BOTELLA 6PACK 2130 ML,10000.0,5650.0,2.0,1,1,0,0,100.0,Familia con un solo articulo
CR,SUPERMERCADOS,SAN JOSE,FAM_1_4_10004_0139,6987,BEVERAGES - CARBONATED-D95,COCA-COLA,BEB COLA LIGHT PERSO,1702,1324,734.4661,600.0,1,9521343,REFRESC GAS COCA COLA ZERO PET 600ML,160436.0,850.0,227.0,1,1,0,0,100.0,Familia con un solo articulo
CR,SUPERMERCADOS,SAN JOSE,FAM_1_4_10004_0140,6894,BEVERAGE ALCOHOL - BEER D96,HOEGAARDEN,CERVEZA ALE UNIDAD,1300,2920,1087.4894,330.0,1,75509028,CERVEZA HOEGAARDEN BCA BOT VD 330 ML,10120.0,1430.0,8.0,1,1,0,0,100.0,Familia con un solo articulo
CR,SUPERMERCADOS,SAN JOSE,FAM_1_4_10004_0141,6894,BEVERAGE ALCOHOL - BEER D96,ESTRELLA,CERVEZA LAGER UNIDAD,1025,2142,1236.4121,330.0,1,75297879,CERVEZA ESTRELLA GALICIA SIN GLUTEN330ML,13331.0,1680.0,12.0,1,1,0,0,100.0,Familia con un solo articulo
CR,SUPERMERCADOS,SAN JOSE,FAM_1_4_10004_0142,6894,BEVERAGE ALCOHOL - BEER D96,PILSEN,CERVEZA PILSENER UND,1275,4986,1193.0992,710.0,1,70262902,CERVEZA LATA PILSEN 710ML,126065.0,1500.0,95.0,1,1,0,0,100.0,Familia con un solo articulo
CR,SUPERMERCADOS,SAN JOSE,FAM_1_4_10004_0143,6894,BEVERAGE ALCOHOL - BEER D96,COSTA RICA'S CRAFT,CERVEZA ARTESANAL,1028,52757,1156.3177,355.0,1,70451825,CERVEZA ARTE SEGUA RED ALE LAT 355 ML,6690.0,1260.0,6.0,1,1,0,0,100.0,Familia con un solo articulo
CR,SUPERMERCADOS,SAN JOSE,FAM_1_4_10004_0144,6894,BEVERAGE ALCOHOL - BEER D96,IMPERIAL,CERVEZA LAGER UNIDAD,1025,3035,758.9871,350.0,5,70384875,CERVEZA IMPERIAL ULTRA LATA 350 ML,61568.0,940.0,74.0,5,1,4,0,20.0,Alta dispersion: 5 precios distintos | 4/5 SKUs desalineados
CR,SUPERMERCADOS,SAN JOSE,FAM_1_4_10004_0145,6987,BEVERAGES - CARBONATED-D95,KOLA SHALER,BEB SABOR REGUL FAMI,1754,14608,1519.85,2000.0,1,75210915,COLA KOLA SHALER 2000ML,0,2030.0,,1,1,0,0,100.0,Familia con un solo articulo | Primario sin ventas registradas
CR,SUPERMERCADOS,SAN JOSE,FAM_1_4_10004_0146,6987,BEVERAGES - CARBONATED-D95,COTUBA,BEB SABOR LIGHT PERS,1752,1464,537.88,600.0,1,70522372,BEBIDA GUARANA COTUBA ZERO 600 ML,0,680.0,,1,1,0,0,100.0,Familia con un solo articulo | Primario sin ventas registradas
CR,SUPERMERCADOS,SAN JOSE,FAM_1_4_10004_0147,6894,BEVERAGE ALCOHOL - BEER D96,CARLSBERG,CERVEZA PILSENER PAQ,1250,1034,4282.7,1980.0,1,70593533,CERVEZA CARLSBERG 6PACK LATA 1980ML,35371.0,5710.0,7.0,1,1,0,0,100.0,Familia con un solo articulo
CR,SUPERMERCADOS,SAN JOSE,FAM_1_4_10004_0148,6894,BEVERAGE ALCOHOL - BEER D96,CRBF,CERVEZA ARTESANAL,1028,49285,1520.98,350.0,2,70053060,CERVEZA CRBF PUERTO VIEJO BOT 350ML,0,1950.0,,1,2,0,0,100.0,Primario sin ventas registradas
CR,SUPERMERCADOS,SAN JOSE,FAM_1_4_10004_0149,6987,BEVERAGES - CARBONATED-D95,A&W,BEB COLA REGUL PERSO,1706,36,621.5,355.0,1,75274052,BEBIDA CERVEZA RAIZ A W ROOT 355ML,0,250.0,,1,1,0,0,100.0,Familia con un solo articulo | Primario sin ventas registradas
CR,SUPERMERCADOS,SAN JOSE,FAM_1_4_10004_0150,6894,BEVERAGE ALCOHOL - BEER D96,CARLSBERG,CERVEZA ALE UNIDAD,1300,1034,916.43,500.0,1,70593529,CERVEZA CARLSBERG LATA 500 ML,5736.0,1080.0,6.0,1,1,0,0,100.0,Familia con un solo articulo
CR,SUPERMERCADOS,SAN JOSE,FAM_1_4_10004_0151,6894,BEVERAGE ALCOHOL - BEER D96,STELLA ARTOIS,CERVEZA LAGER UNIDAD,1025,6054,4336.0812,1980.0,1,70142564,CERVEZA STELLA ARTOIS BOTELLA 6PK 330 ML,0,6930.0,,1,1,0,0,100.0,Familia con un solo articulo | Primario sin ventas registradas
CR,SUPERMERCADOS,SAN JOSE,FAM_1_4_10004_0152,6894,BEVERAGE ALCOHOL - BEER D96,MODELO,CERVEZA LAGER UNIDAD,1025,4259,706.25,355.0,1,75295606,CERVEZA MODELO LATA 355ML,0,910.0,,1,1,0,0,100.0,Familia con un solo articulo | Primario sin ventas registradas
CR,SUPERMERCADOS,SAN JOSE,FAM_1_4_10004_0153,6987,BEVERAGES - CARBONATED-D95,POPPI,BEB SABOR REGUL PERS,1756,231513,1322.1,355.0,2,75440677,GASEOSA RASPBERRY ROSE POPPI 355ML,0,1760.0,,2,1,1,0,50.0,Primario sin ventas registradas | 1/2 SKUs desalineados
CR,SUPERMERCADOS,SAN JOSE,FAM_1_4_10004_0154,6987,BEVERAGES - CARBONATED-D95,COCA-COLA,BEB COLA LIGHT PERSO,1702,1324,395.9972,355.0,1,70168329,REFRESCO GAS COCA COLA ZERO PET 355 ML,115063.0,430.0,303.0,1,1,0,0,100.0,Familia con un solo articulo
CR,SUPERMERCADOS,SAN JOSE,FAM_1_4_10004_0155,6894,BEVERAGE ALCOHOL - BEER D96,IMPERIAL,CERVEZA LAGER UNIDAD,1025,3035,1311.9978,1000.0,3,9604991,CERVEZA IMPERIAL BOTELLA RETORNAB 1000ML,71226.0,1490.0,54.0,1,3,0,0,100.0,OK
CR,SUPERMERCADOS,SAN JOSE,FAM_1_4_10004_0156,6987,BEVERAGES - CARBONATED-D95,FANTA,BEB SABOR REGUL PERS,1756,2238,662.293,354.0,1,9518760,REFRESC GAS FANTA NARANJA LATA 354ML,2097.0,790.0,3.0,1,1,0,0,100.0,Familia con un solo articulo
CR,SUPERMERCADOS,SAN JOSE,FAM_1_4_10004_0157,6894,BEVERAGE ALCOHOL - BEER D96,BUDWEISER,CERVEZA LAGER UNIDAD,1025,890,707.0636,355.0,1,70326218,CERVEZA BUDWEISER BOTELLA 355 ML,7304.0,960.0,11.0,1,1,0,0,100.0,Familia con un solo articulo
CR,SUPERMERCADOS,SAN JOSE,FAM_1_4_10004_0158,6894,BEVERAGE ALCOHOL - BEER D96,PILSEN,CERVEZA PILSENER UND,1275,4986,758.9871,350.0,2,70486292,CERVEZA PILSEN 6.0 LATA 350ML,15295.0,910.0,19.0,1,2,0,0,100.0,OK
CR,SUPERMERCADOS,SAN JOSE,FAM_1_4_10004_0159,6987,BEVERAGES - CARBONATED-D95,COCA-COLA,BEB PACK PERSONAL,1760,1324,2211.41,1416.0,3,75078808,COCA SABOR LIGERO 354 4PACK 1416ML,61065.0,3000.0,23.0,1,3,0,0,100.0,OK
CR,SUPERMERCADOS,SAN JOSE,FAM_1_4_10004_0160,6987,BEVERAGES - CARBONATED-D95,COCA-COLA,BEB COLA REGUL FAMIL,1704,1324,845.6242,1500.0,1,70355359,REFRESC COCA COLA SIN AZUCAR PET 1500ML,150260.0,940.0,181.0,1,1,0,0,100.0,Familia con un solo articulo
CR,SUPERMERCADOS,SAN JOSE,FAM_1_4_10004_0161,6894,BEVERAGE ALCOHOL - BEER D96,ERDINGER,CERVEZA LAGER UNIDAD,1025,33296,1183.11,330.0,2,75276742,CERVEZA ERDINGER DUNKEL NEGRA ALC 330ML,7644.0,1440.0,6.0,1,2,0,0,100.0,OK
CR,SUPERMERCADOS,SAN JOSE,FAM_1_4_10004_0162,6894,BEVERAGE ALCOHOL - BEER D96,FLORIDA,ENVASE VACIO CERVEZA,1375,2375,3983.25,1.0,1,70155203,CAJA FLORIDA VACIA CERVEZA SURT 1UNID,0,4720.0,,1,1,0,0,100.0,Familia con un solo articulo | Primario sin ventas registradas
CR,SUPERMERCADOS,SAN JOSE,FAM_1_4_10004_0163,6894,BEVERAGE ALCOHOL - BEER D96,CARLSBERG,CERVEZA ALE UNIDAD,1300,1034,839.59,330.0,1,70593537,CERVEZA CARLSBERG VIDRIO 330ML,2650.0,1150.0,10.0,1,1,0,0,100.0,Familia con un solo articulo
CR,SUPERMERCADOS,SAN JOSE,FAM_1_4_10004_0164,6894,BEVERAGE ALCOHOL - BEER D96,BOHEMIA,CERVEZA LAGER PAQ,1000,788,2377.9946,2100.0,1,9664253,CERVEZA BOHEMIA 6PACK 350 ML,0,2940.0,,1,1,0,0,100.0,Familia con un solo articulo | Primario sin ventas registradas
CR,SUPERMERCADOS,SAN JOSE,FAM_1_4_10004_0165,6987,BEVERAGES - CARBONATED-D95,PEPSI,BEB COLA REGUL PERSO,1706,4907,520.0034,600.0,1,70613451,PEPSI ZERO 600 ML PET,37950.0,590.0,73.0,1,1,0,0,100.0,Familia con un solo articulo
CR,SUPERMERCADOS,SAN JOSE,FAM_1_4_10004_0166,6987,BEVERAGES - CARBONATED-D95,FANTA,BEB COLA LIGHT FAMIL,1700,2238,1031.2493,1500.0,2,75009126,GASEOSA FANTA NARANJA 1500ML PET,0,500.0,,1,2,0,0,100.0,Primario sin ventas registradas
CR,SUPERMERCADOS,SAN JOSE,FAM_1_4_10004_0167,6987,BEVERAGES - CARBONATED-D95,DOS PINOS,BEB SABOR LIGHT FAMI,1750,1870,1010.22,2000.0,1,75002712,GASEOSA ALMA FRESA KIWI 2000ML PET,0,1000.0,,1,1,0,0,100.0,Familia con un solo articulo | Primario sin ventas registradas
CR,SUPERMERCADOS,SAN JOSE,FAM_1_4_10004_0168,6987,BEVERAGES - CARBONATED-D95,CANADA DRY,BEB COLA LIGHT PERSO,1702,969,1154.9956,2500.0,1,75299659,GINGER ALE 2500 ML RET BOT UNIVERSAL,17748.0,1180.0,17.0,1,1,0,0,100.0,Familia con un solo articulo
CR,SUPERMERCADOS,SAN JOSE,FAM_1_4_10004_0169,6894,BEVERAGE ALCOHOL - BEER D96,IMPERIAL,CERVEZA LAGER PAQ,1000,3035,3780.2003,1892.0,3,75162923,PILSEN 1892ML LT 4PACK,19644.0,3700.0,6.0,1,3,0,0,100.0,OK
CR,SUPERMERCADOS,SAN JOSE,FAM_1_4_10004_0170,6894,BEVERAGE ALCOHOL - BEER D96,PILSEN,CERVEZA LAGER PAQ,1000,4986,5309.87,2800.0,1,70322242,CERVEZA PILSEN LATA PACK 7MAS1 350ML,0,1500.0,,1,1,0,0,100.0,Familia con un solo articulo | Primario sin ventas registradas
CR,SUPERMERCADOS,SAN JOSE,FAM_1_4_10004_0171,6894,BEVERAGE ALCOHOL - BEER D96,CORONA,CERVEZA LAGER PAQ,1000,1434,2337.0773,1242.0,1,75305898,CERVEZA CORONITA BOTELLA 6 PK 207 ML,204435.0,3000.0,77.0,1,1,0,0,100.0,Familia con un solo articulo
CR,SUPERMERCADOS,SAN JOSE,FAM_1_4_10004_0172,6987,BEVERAGES - CARBONATED-D95,FRESCA,BEB SABOR REGUL PERS,1756,2441,734.4661,600.0,1,9517871,GASEOSA FRESCA TORONJA 600ML,27599.0,850.0,37.0,1,1,0,0,100.0,Familia con un solo articulo
CR,SUPERMERCADOS,SAN JOSE,FAM_1_4_10004_0173,6987,BEVERAGES - CARBONATED-D95,BIG COLA,BEB COLA REGUL FAMIL,1704,702,1046.38,3030.0,3,75234456,BEBIDA GAS BIG COLA 3030ML,0,1300.0,,3,1,2,0,33.33333333333333,Primario sin ventas registradas | Alta dispersion: 3 precios distintos | 2/3 SKUs desalineados
CR,SUPERMERCADOS,SAN JOSE,FAM_1_4_10004_0174,6894,BEVERAGE ALCOHOL - BEER D96,CEZKA,CERVEZA LAGER UNIDAD,1025,50116,253.4929,330.0,1,70464108,CERVEZA CEZKA LAGER 4.0 ALCOHOL 330ML,13175.0,480.0,31.0,1,1,0,0,100.0,Familia con un solo articulo
CR,SUPERMERCADOS,SAN JOSE,FAM_1_4_10004_0175,6987,BEVERAGES - CARBONATED-D95,LIO,BEB SABOR REGUL FAMI,1754,3747,1908.57,1000.0,1,70250590,BEBIDA EN POLVO LIO TE LIMON 1000GR,0,2800.0,,1,1,0,0,100.0,Familia con un solo articulo | Primario sin ventas registradas
CR,SUPERMERCADOS,SAN JOSE,FAM_1_4_10004_0176,6987,BEVERAGES - CARBONATED-D95,COCA-COLA,BEB COLA REGUL FAMIL,1704,1324,1630.251,3000.0,1,70434480,COCA COLA SIN AZUCAR 3000 ML PET,251924.0,2000.0,143.0,1,1,0,0,100.0,Familia con un solo articulo
CR,SUPERMERCADOS,SAN JOSE,FAM_1_4_10004_0177,6894,BEVERAGE ALCOHOL - BEER D96,BAVARIA,CERVEZA LAGER UNIDAD,1025,587,750.32,350.0,5,70268518,CERVEZA BAVARIA LIGHT DESECH 350 ML,137629.0,1030.0,177.0,3,2,3,0,40.0,Alta dispersion: 3 precios distintos | 3/5 SKUs desalineados
CR,SUPERMERCADOS,SAN JOSE,FAM_1_4_10004_0178,6894,BEVERAGE ALCOHOL - BEER D96,KRIEK,CERVEZA LAGER UNIDAD,1025,30145,1874.4327,250.0,1,70593519,CERVEZA KRIEK LINDEMANS SAB CEREZA 250ML,0,2160.0,,1,1,0,0,100.0,Familia con un solo articulo | Primario sin ventas registradas
CR,SUPERMERCADOS,SAN JOSE,FAM_1_4_10004_0179,6894,BEVERAGE ALCOHOL - BEER D96,BAVARIA,CERVEZA LAGER UNIDAD,1025,587,868.97,350.0,1,9608358,CERVEZA BAVARIA ENV RET BOTELLA 350ML,0,1030.0,,1,1,0,0,100.0,Familia con un solo articulo | Primario sin ventas registradas
CR,SUPERMERCADOS,SAN JOSE,FAM_1_4_10004_0180,6894,BEVERAGE ALCOHOL - BEER D96,MICHELOB,CERVEZA LAGER UNIDAD,1025,36178,807.95,355.0,1,75218279,CERVEZA MICHELOB BOTELLA 355ML,0,1000.0,,1,1,0,0,100.0,Familia con un solo articulo | Primario sin ventas registradas
CR,SUPERMERCADOS,SAN JOSE,FAM_1_4_10004_0181,6894,BEVERAGE ALCOHOL - BEER D96,STELLA ARTOIS,CERVEZA LAGER PAQ,1000,6054,5481.63,1980.0,1,70425783,CERVEZA STELLA ARTOIS LATA 6PACK 1980ML,0,6440.0,,1,1,0,0,100.0,Familia con un solo articulo | Primario sin ventas registradas
CR,SUPERMERCADOS,SAN JOSE,FAM_1_4_10004_0182,6894,BEVERAGE ALCOHOL - BEER D96,TOÑA,CERVEZA LAGER UNIDAD,1025,6413,799.5202,350.0,1,9618445,CERVEZA TONA LATA 350ML,8756.0,900.0,11.0,1,1,0,0,100.0,Familia con un solo articulo
CR,SUPERMERCADOS,SAN JOSE,FAM_1_4_10004_0183,6894,BEVERAGE ALCOHOL - BEER D96,DAMM,CERVEZA ARTESANAL,1028,44749,5949.45,1980.0,1,70106955,DAMM CERVEZA BOTELLA 6PACK 1980ML,0,5000.0,,1,1,0,0,100.0,Familia con un solo articulo | Primario sin ventas registradas
CR,SUPERMERCADOS,SAN JOSE,FAM_1_4_10004_0184,6894,BEVERAGE ALCOHOL - BEER D96,MODELO,CERVEZA LAGER PAQ,1000,4259,3975.0575,2130.0,1,75519441,CERVEZA MODELO LATA 6 PK 2130 ML,12353.0,5230.0,3.0,1,1,0,0,100.0,Familia con un solo articulo
CR,SUPERMERCADOS,SAN JOSE,FAM_1_4_10004_0185,6987,BEVERAGES - CARBONATED-D95,CANADA DRY,BEB SABOR REGUL FAMI,1754,969,653.7954,354.0,1,75338876,CANADA DRY SODA 354 ML LATA,8748.0,810.0,13.0,1,1,0,0,100.0,Familia con un solo articulo
CR,SUPERMERCADOS,SAN JOSE,FAM_1_4_10004_0186,6894,BEVERAGE ALCOHOL - BEER D96,BUSCH LIGHT,CERVEZA LAGER PAQ,1000,52976,997.4962,740.0,1,70404287,CERVEZA BUSCH LIGHT 740 ML,0,1070.0,,1,1,0,0,100.0,Familia con un solo articulo | Primario sin ventas registradas
CR,SUPERMERCADOS,SAN JOSE,FAM_1_4_10004_0187,6894,BEVERAGE ALCOHOL - BEER D96,CERVEZA CARAQUEÑA,CERVEZA LAGER UNIDAD,1025,230873,487.5046,330.0,1,75280478,CARAQUENA CERVEZA 330 ML,4221.0,590.0,9.0,1,1,0,0,100.0,Familia con un solo articulo
CR,SUPERMERCADOS,SAN JOSE,FAM_1_4_10004_0188,6987,BEVERAGES - CARBONATED-D95,COCA-COLA,BEB PACK PERSONAL,1760,1324,2869.9966,6000.0,1,75438079,2 PK CCZA CCSO 3L 6000ML,84252.0,3400.0,28.0,1,1,0,0,100.0,Familia con un solo articulo
CR,SUPERMERCADOS,SAN JOSE,FAM_1_4_10004_0189,6894,BEVERAGE ALCOHOL - BEER D96,STELLA ARTOIS,CERVEZA PILSENER UND,1275,6054,995.53,330.0,1,9606216,CERVEZA STELLA ART LATA 330ML,0,1180.0,,1,1,0,0,100.0,Familia con un solo articulo | Primario sin ventas registradas
CR,SUPERMERCADOS,SAN JOSE,FAM_1_4_10004_0190,6894,BEVERAGE ALCOHOL - BEER D96,CEZKA,CERVEZA LAGER UNIDAD,1025,50116,271.6746,330.0,1,70097944,CERVEZA CEZKA LAGER 5 0 ALC 330 ML,0,510.0,,1,1,0,0,100.0,Familia con un solo articulo | Primario sin ventas registradas
CR,SUPERMERCADOS,SAN JOSE,FAM_1_4_10004_0191,6894,BEVERAGE ALCOHOL - BEER D96,COORS,CERVEZA LAGER UNIDAD,1025,33806,826.03,355.0,1,70571415,CERVEZA COORS LIGHT BOTELLA 355ML,0,910.0,,1,1,0,0,100.0,Familia con un solo articulo | Primario sin ventas registradas
CR,SUPERMERCADOS,SAN JOSE,FAM_1_4_10004_0192,6987,BEVERAGES - CARBONATED-D95,COCA-COLA,BEB COLA LIGHT FAMIL,1700,1324,1584.0001,2000.0,1,9515071,REFRESC GAS COCA COLA LIGHT PET 2000ML,66234.0,1970.0,38.0,1,1,0,0,100.0,Familia con un solo articulo
CR,SUPERMERCADOS,SAN JOSE,FAM_1_4_10004_0193,6894,BEVERAGE ALCOHOL - BEER D96,NATURAL LIGHT,CERVEZA LAGER UNIDAD,1025,230608,759.36,740.0,1,75187770,CERVEZA NATURAL LIGHT LT 740ML,0,950.0,,1,1,0,0,100.0,Familia con un solo articulo | Primario sin ventas registradas
CR,SUPERMERCADOS,SAN JOSE,FAM_1_4_10004_0194,6894,BEVERAGE ALCOHOL - BEER D96,BEAR BEER,CERVEZA LAGER UNIDAD,1025,230022,960.5,500.0,1,75276743,CERVEZA BEAR BEER IPA 500 ML LATA,17520.0,990.0,20.0,1,1,0,0,100.0,Familia con un solo articulo
CR,SUPERMERCADOS,SAN JOSE,FAM_1_4_10004_0195,6894,BEVERAGE ALCOHOL - BEER D96,ESTRELLA,CERVEZA LAGER PAQ,1000,2142,7885.705,1980.0,1,75133408,6 PACK ESTRELLA GALICIA 1980ML CASAPAPEL,0,250.0,,1,1,0,0,100.0,Familia con un solo articulo | Primario sin ventas registradas
CR,SUPERMERCADOS,SAN JOSE,FAM_1_4_10004_0196,6987,BEVERAGES - CARBONATED-D95,DR. PEPPER,BEB COLA REGUL PERSO,1706,1880,621.5,355.0,3,75254963,BEBIDA DR PEPPER CREMA 355ML,2372.0,670.0,4.0,1,3,0,0,100.0,OK
CR,SUPERMERCADOS,SAN JOSE,FAM_1_4_10004_0197,6987,BEVERAGES - CARBONATED-D95,SPRITE,BEB SABOR REGUL PERS,1756,6015,734.4661,600.0,1,75347031,CC SPRITE 600 ML PET,13892.0,830.0,19.0,1,1,0,0,100.0,Familia con un solo articulo
CR,SUPERMERCADOS,SAN JOSE,FAM_1_4_10004_0198,6894,BEVERAGE ALCOHOL - BEER D96,HEINEKEN,CERVEZA LAGER UNIDAD,1025,2863,824.9,330.0,2,75094152,HEINEKEN 00 330ML BOTELLA,138570.0,1010.0,155.0,1,2,0,0,100.0,OK
CR,SUPERMERCADOS,SAN JOSE,FAM_1_4_10004_0199,6894,BEVERAGE ALCOHOL - BEER D96,MILWAUKEES,CERVEZA LAGER PAQ,1000,41923,6171.0204,4260.0,1,70023454,CERVEZA MILWAUKESS BESTE P 12 355 ML LAT,6018.0,6800.0,1.0,1,1,0,0,100.0,Familia con un solo articulo
CR,SUPERMERCADOS,SAN JOSE,FAM_1_4_10004_0200,6894,BEVERAGE ALCOHOL - BEER D96,PILSEN,CERVEZA PILSENER UND,1275,4986,1311.9978,1000.0,2,9604984,CERVEZA PILSEN BOTELLA RETORNABLE 1000ML,39570.0,1490.0,30.0,1,2,0,0,100.0,OK
CR,SUPERMERCADOS,SAN JOSE,FAM_1_4_10004_0201,6894,BEVERAGE ALCOHOL - BEER D96,STELLA ARTOIS,CERVEZA PILSENER UND,1275,6054,974.9979,330.0,1,75509027,CERVEZA STELLA ARTOIS VD 330 ML,16995.0,1280.0,15.0,1,1,0,0,100.0,Familia con un solo articulo
CR,SUPERMERCADOS,SAN JOSE,FAM_1_4_10004_0202,6987,BEVERAGES - CARBONATED-D95,FRESCA,BEB SABOR REGUL FAMI,1754,2441,1620.7477,2500.0,1,70035308,GASEOSA FRESCA PET 2500ML,14337.0,1800.0,9.0,1,1,0,0,100.0,Familia con un solo articulo
CR,SUPERMERCADOS,SAN JOSE,FAM_1_4_10004_0203,6987,BEVERAGES - CARBONATED-D95,BIG COLA,BEB COLA REGUL FAMIL,1704,702,280.24,625.0,1,75426646,BIG GIN PET 625ML,0,374.0,,1,1,0,0,100.0,Familia con un solo articulo | Primario sin ventas registradas
CR,SUPERMERCADOS,SAN JOSE,FAM_1_4_10004_0204,6987,BEVERAGES - CARBONATED-D95,COCA-COLA,BEB PACK PERSONAL,1760,1324,2908.62,1896.0,1,70237575,8PACK COCA COLA MINI SURTIDO LATA,0,2000.0,,1,1,0,0,100.0,Familia con un solo articulo | Primario sin ventas registradas
CR,SUPERMERCADOS,SAN JOSE,FAM_1_4_10004_0205,6987,BEVERAGES - CARBONATED-D95,COTUBA,BEB SABOR LIGHT PERS,1752,1464,449.74,355.0,2,75003034,GASEOSA COTUBA REGULAR 355ML LATA,0,500.0,,1,2,0,0,100.0,Primario sin ventas registradas
CR,SUPERMERCADOS,SAN JOSE,FAM_1_4_10004_0206,6987,BEVERAGES - CARBONATED-D95,CANADA DRY,BEB SABOR REGUL FAMI,1754,969,1901.6205,3000.0,1,9541790,REFRESCO CANADA DRY GINGR ALE PET 3000ML,83172.0,2500.0,38.0,1,1,0,0,100.0,Familia con un solo articulo
CR,SUPERMERCADOS,SAN JOSE,FAM_1_4_10004_0207,6894,BEVERAGE ALCOHOL - BEER D96,BEAR BEER,CERVEZA LAGER UNIDAD,1025,230022,638.45,500.0,1,75002514,CERVEZA BEAR BEER LATA 500ML 1X24,0,730.0,,1,1,0,0,100.0,Familia con un solo articulo | Primario sin ventas registradas
CR,SUPERMERCADOS,SAN JOSE,FAM_1_4_10004_0208,6894,BEVERAGE ALCOHOL - BEER D96,ESTRELLA,CERVEZA ALE UNIDAD,1300,2142,899.48,330.0,1,70593543,CERVEZA ESTRELLA DAMM MEDITERRANEA 330ML,0,1320.0,,1,1,0,0,100.0,Familia con un solo articulo | Primario sin ventas registradas
CR,SUPERMERCADOS,SAN JOSE,FAM_1_4_10004_0209,6894,BEVERAGE ALCOHOL - BEER D96,HOEGAARDEN,CERVEZA ALE UNIDAD,1300,2920,743.9242,330.0,1,70593516,CERVEZA HOEGAARDEN BLANCA BOTELLA 330ML,0,1430.0,,1,1,0,0,100.0,Familia con un solo articulo | Primario sin ventas registradas
CR,SUPERMERCADOS,SAN JOSE,FAM_1_4_10004_0210,6894,BEVERAGE ALCOHOL - BEER D96,CARTA BLANCA,CERVEZA LAGER UNIDAD,1025,1059,695.741,473.0,1,70264090,CERVEZA CARTA BLANCA 473ML,0,800.0,,1,1,0,0,100.0,Familia con un solo articulo | Primario sin ventas registradas
CR,SUPERMERCADOS,SAN JOSE,FAM_1_4_10004_0211,6894,BEVERAGE ALCOHOL - BEER D96,HEINEKEN,CERVEZA LAGER PAQ,1000,2863,4724.53,2130.0,1,9664225,CERVEZA HEINEKEN LATA 6PK 355 ML,68138.0,5500.0,14.0,1,1,0,0,100.0,Familia con un solo articulo
CR,SUPERMERCADOS,SAN JOSE,FAM_1_4_10004_0212,6987,BEVERAGES - CARBONATED-D95,CANADA DRY,BEB SABOR REGUL FAMI,1754,969,1586.6895,2500.0,2,75179026,SODA CANADA DRY 2500ML,62320.0,1760.0,40.0,1,2,0,0,100.0,OK
CR,SUPERMERCADOS,SAN JOSE,FAM_1_4_10004_0213,6894,BEVERAGE ALCOHOL - BEER D96,NATURAL,CERVEZA LAGER UNIDAD,1025,4460,727.494,740.0,1,75495148,CERVEZA NATURAL LIGHT 740ML,39527.0,950.0,47.0,1,1,0,0,100.0,Familia con un solo articulo
CR,SUPERMERCADOS,SAN JOSE,FAM_1_4_10004_0214,6894,BEVERAGE ALCOHOL - BEER D96,DAMM,CERVEZA LAGER PAQ,1000,44749,1259.95,330.0,1,70487865,CERVEZA INEDIT DAMM BOTELLA 330 ML,5168.0,1460.0,4.0,1,1,0,0,100.0,Familia con un solo articulo
CR,SUPERMERCADOS,SAN JOSE,FAM_1_4_10004_0215,6987,BEVERAGES - CARBONATED-D95,CANADA DRY,BEB SABOR REGUL PERS,1756,969,734.4661,600.0,2,9518977,REFRESC GAS SODA CANADA DRY PET 600ML,124080.0,850.0,166.0,1,2,0,0,100.0,OK
CR,SUPERMERCADOS,SAN JOSE,FAM_1_4_10004_0216,6894,BEVERAGE ALCOHOL - BEER D96,TECATE,CERVEZA LAGER UNIDAD,1025,6270,844.449,330.0,1,70179789,CERVEZA TECATE LIGHT BOTELLA 330ML,0,1140.0,,1,1,0,0,100.0,Familia con un solo articulo | Primario sin ventas registradas
CR,SUPERMERCADOS,SAN JOSE,FAM_1_4_10004_0217,6987,BEVERAGES - CARBONATED-D95,COCA-COLA,BEB COLA REGUL FAMIL,1704,1324,2829.8929,6000.0,1,75520550,COCA COLA Y FANTA 2PACK 6000ML,15045.0,3400.0,5.0,1,1,0,0,100.0,Familia con un solo articulo
CR,SUPERMERCADOS,SAN JOSE,FAM_1_4_10004_0218,6987,BEVERAGES - CARBONATED-D95,COCA-COLA,BEB COLA REGUL PERSO,1706,1324,1630.4544,2500.0,1,75119455,COCA COLA 2500ML PET TERMO,77163.0,1710.0,51.0,1,1,0,0,100.0,Familia con un solo articulo
CR,SUPERMERCADOS,SAN JOSE,FAM_1_4_10004_0219,6894,BEVERAGE ALCOHOL - BEER D96,SOL,CERVEZA LAGER PAQ,1000,5935,4223.7027,2130.0,1,75271355,SOL 355ML LT SLEEK 6PK,8620.0,4870.0,2.0,1,1,0,0,100.0,Familia con un solo articulo
CR,SUPERMERCADOS,SAN JOSE,FAM_1_4_10004_0220,6894,BEVERAGE ALCOHOL - BEER D96,MILWAUKEES,CERVEZA LAGER UNIDAD,1025,41923,562.74,355.0,1,70571424,CERVEZA MILWAUKEES BEST ICE LATA 355ML,16600.0,750.0,25.0,1,1,0,0,100.0,Familia con un solo articulo
CR,SUPERMERCADOS,SAN JOSE,FAM_1_4_10004_0221,6894,BEVERAGE ALCOHOL - BEER D96,DAMM,CERVEZA LAGER PAQ GF,1001,44749,9000.45,2640.0,1,75495606,8 PK CERVEZAS BOT DEL MUNDO 2640 ML,0,12000.0,,1,1,0,0,100.0,Familia con un solo articulo | Primario sin ventas registradas
CR,SUPERMERCADOS,SAN JOSE,FAM_1_4_10004_0222,6987,BEVERAGES - CARBONATED-D95,FANTA,BEB COLA LIGHT PERSO,1702,2238,1061.3638,1500.0,1,75369020,FANTA UVA 1.5L PET 1500 ML,3970.0,1150.0,4.0,1,1,0,0,100.0,Familia con un solo articulo
CR,SUPERMERCADOS,SAN JOSE,FAM_1_4_10004_0223,6987,BEVERAGES - CARBONATED-D95,KOLA SHALER,BEB COLA REGUL PERSO,1706,14608,1519.85,2000.0,1,75382608,COLA KOLA SHALER BEBI CARBONATADA 2000ML,0,2030.0,,1,1,0,0,100.0,Familia con un solo articulo | Primario sin ventas registradas
CR,SUPERMERCADOS,SAN JOSE,FAM_1_4_10004_0224,6987,BEVERAGES - CARBONATED-D95,POSTOBON,BEB COLA LIGHT PERSO,1702,50890,360.47,400.0,1,75228367,GASEOSA POSTOBON MANZANA CERO 400 ML,2210.0,500.0,5.0,1,1,0,0,100.0,Familia con un solo articulo
CR,SUPERMERCADOS,SAN JOSE,FAM_1_4_10004_0225,6987,BEVERAGES - CARBONATED-D95,COCA-COLA,BEB COLA REGUL FAMIL,1704,1324,2643.2282,7500.0,1,70058758,3PACK COCA COLA FRESCA FUZE 2500 ML,102201.0,3500.0,33.0,1,1,0,0,100.0,Familia con un solo articulo
CR,SUPERMERCADOS,SAN JOSE,FAM_1_4_10004_0226,6987,BEVERAGES - CARBONATED-D95,COCA-COLA,BEB COLA LIGHT FAMIL,1700,1324,1154.9956,2500.0,1,70246082,GASEOSA COCA COLA RETORN SN AZUC 2500ML,78812.0,1310.0,68.0,1,1,0,0,100.0,Familia con un solo articulo
CR,SUPERMERCADOS,SAN JOSE,FAM_1_4_10004_0227,6894,BEVERAGE ALCOHOL - BEER D96,STELLA ARTOIS,CERVEZA PILSENER UND,1275,6054,693.933,330.0,1,70593513,CERVEZA STELLA ART LATA 330ML,8210.0,1180.0,8.0,1,1,0,0,100.0,Familia con un solo articulo
CR,SUPERMERCADOS,SAN JOSE,FAM_1_4_10004_0228,6894,BEVERAGE ALCOHOL - BEER D96,MENABREA,CERVEZA LAGER UNIDAD,1025,33827,1330.01,330.0,1,70507183,CERVEZA MENABREA AMBRATA BOT 330 ML,0,1780.0,,1,1,0,0,100.0,Familia con un solo articulo | Primario sin ventas registradas
CR,SUPERMERCADOS,SAN JOSE,FAM_1_4_10004_0229,6987,BEVERAGES - CARBONATED-D95,FANTA,BEB COLA LIGHT FAMIL,1700,2238,1337.9652,2500.0,1,70080378,REFRESCO FANTA NARANJA SIN AZUCAR 2500ML,52947.0,1500.0,40.0,1,1,0,0,100.0,Familia con un solo articulo
CR,SUPERMERCADOS,SAN JOSE,FAM_1_4_10004_0230,6894,BEVERAGE ALCOHOL - BEER D96,KRONENBOURG,CERVEZA ARTESANAL,1028,37038,996.095,330.0,1,70078895,CERV KRONENBOURG 1664 BLANCO BOTEL 330ML,6690.0,1260.0,6.0,1,1,0,0,100.0,Familia con un solo articulo
CR,SUPERMERCADOS,SAN JOSE,FAM_1_4_10004_0231,6894,BEVERAGE ALCOHOL - BEER D96,MODELO,CERVEZA S/ALCOH UND,1350,4259,899.9998,355.0,1,75494730,CERVEZA CORONA CERO VD355 ML,39702.0,1150.0,39.0,1,1,0,0,100.0,Familia con un solo articulo
CR,SUPERMERCADOS,SAN JOSE,FAM_1_4_10004_0232,6894,BEVERAGE ALCOHOL - BEER D96,MILLER,CERVEZA LAGER PAQ,1000,4203,8159.73,4260.0,1,70571427,CERV LAT MILLER GENUIN DRAFT 12P 355 ML,0,10770.0,,1,1,0,0,100.0,Familia con un solo articulo | Primario sin ventas registradas
CR,SUPERMERCADOS,SAN JOSE,FAM_1_4_10004_0233,6987,BEVERAGES - CARBONATED-D95,CHIVAS REGAL,BEB PACK PERSONAL,1760,1224,4199.08,2844.0,1,75359685,12 PK CCZA MINILATA 2844 ML,69085.0,4910.0,16.0,1,1,0,0,100.0,Familia con un solo articulo
CR,SUPERMERCADOS,SAN JOSE,FAM_1_4_10004_0234,6987,BEVERAGES - CARBONATED-D95,PEPSI,BEB COLA LIGHT FAMIL,1700,4907,740.15,1500.0,1,70244767,PEPSI COLA 1500 ML,0,960.0,,1,1,0,0,100.0,Familia con un solo articulo | Primario sin ventas registradas
CR,SUPERMERCADOS,SAN JOSE,FAM_1_4_10004_0235,6894,BEVERAGE ALCOHOL - BEER D96,DAMM,CERVEZA ARTESANAL,1028,44749,802.3,330.0,1,70070918,CERVEZA ESTRELLA DAMM LEMON LATA 330ML,3540.0,1000.0,4.0,1,1,0,0,100.0,Familia con un solo articulo
CR,SUPERMERCADOS,SAN JOSE,FAM_1_4_10004_0236,6894,BEVERAGE ALCOHOL - BEER D96,BLUE MOON,CERVEZA LAGER UNIDAD,1025,43793,1012.48,355.0,1,70571414,CERVEZA BLUE MOON ARTESANAL 355ML,49699.0,1250.0,53.0,1,1,0,0,100.0,Familia con un solo articulo
CR,SUPERMERCADOS,SAN JOSE,FAM_1_4_10004_0237,6894,BEVERAGE ALCOHOL - BEER D96,MOOSEHEAD,CERVEZA ARTESANAL,1028,43551,600.03,355.0,1,70268761,CERVEZA MOOSEHEAD LATA LAGER 355 ML,2196.0,620.0,4.0,1,1,0,0,100.0,Familia con un solo articulo
CR,SUPERMERCADOS,SAN JOSE,FAM_1_4_10004_0238,6987,BEVERAGES - CARBONATED-D95,COCA-COLA,BEB COLA REGUL PERSO,1706,1324,662.293,355.0,1,9518557,REFRESC GAS COCA COLA ORIGINAL LAT 355ML,20010.0,780.0,29.0,1,1,0,0,100.0,Familia con un solo articulo
CR,SUPERMERCADOS,SAN JOSE,FAM_1_4_10004_0239,6987,BEVERAGES - CARBONATED-D95,CANADA DRY,BEB SABOR REGUL PERS,1756,969,662.293,355.0,2,9508659,REFRESC GAS GINGER ALE QUINADA LAT 355ML,13168.0,930.0,16.0,1,2,0,0,100.0,OK
CR,SUPERMERCADOS,SAN JOSE,FAM_1_4_10004_0240,6894,BEVERAGE ALCOHOL - BEER D96,CEZKA,CERVEZA LAGER PAQ,1000,50116,1594.4978,1980.0,1,70464110,CERVEZA CEZKA LAGER 4.0 ALC 6PK 330ML,0,2500.0,,1,1,0,0,100.0,Familia con un solo articulo | Primario sin ventas registradas
CR,SUPERMERCADOS,SAN JOSE,FAM_1_4_10004_0241,6894,BEVERAGE ALCOHOL - BEER D96,STELLA ARTOIS,CERVEZA LAGER PAQ,1000,6054,3412.6339,1980.0,1,70593538,CERVEZA STELLA ARTOIS LATA 6PACK 1980ML,67832.0,6440.0,13.0,1,1,0,0,100.0,Familia con un solo articulo
CR,SUPERMERCADOS,SAN JOSE,FAM_1_4_10004_0242,6894,BEVERAGE ALCOHOL - BEER D96,MILLER,CERVEZA LAGER UNIDAD,1025,4203,711.9,355.0,1,70571420,CERVEZA MILLER LATA LITE 355 ML,0,1020.0,,1,1,0,0,100.0,Familia con un solo articulo | Primario sin ventas registradas
CR,SUPERMERCADOS,SAN JOSE,FAM_1_4_10004_0243,6987,BEVERAGES - CARBONATED-D95,COCA-COLA,BEB PACK FAMILIAR,1758,1324,2475.0051,5000.0,1,75046961,"2P 2,5 COCA COLA SIN AZUCAR 2500 ML",41742.0,2620.0,18.0,1,1,0,0,100.0,Familia con un solo articulo
CR,SUPERMERCADOS,SAN JOSE,FAM_1_4_10004_0244,6987,BEVERAGES - CARBONATED-D95,EVERVESS,BEB SABOR REGUL FAMI,1754,2175,927.73,1500.0,2,70244724,SODA EVERVESS 1500 ML,71900.0,1130.0,72.0,1,2,0,0,100.0,OK
CR,SUPERMERCADOS,SAN JOSE,FAM_1_4_10004_0245,6894,BEVERAGE ALCOHOL - BEER D96,LINDEMANS,CERVEZA LAGER UNIDAD,1025,3738,1626.07,250.0,1,70425773,CERVEZA LINDEMANS MANZANA BOTELLA 250ML,0,1700.0,,1,1,0,0,100.0,Familia con un solo articulo | Primario sin ventas registradas
CR,SUPERMERCADOS,SAN JOSE,FAM_1_4_10004_0246,6987,BEVERAGES - CARBONATED-D95,MIRINDA,BEB SABOR REGUL FAMI,1754,4229,1480.3,3000.0,1,9525571,REFRESCO GASEOSO MIRINDA PINA PET 3000ML,15750.0,1780.0,10.0,1,1,0,0,100.0,Familia con un solo articulo
CR,SUPERMERCADOS,SAN JOSE,FAM_1_4_10004_0247,6894,BEVERAGE ALCOHOL - BEER D96,IMPERIAL,CERVEZA LAGER PAQ,1000,3035,5309.87,2800.0,1,75314808,IMPERIAL ORIG 350ML LT 7 MAS 1 2800 ML,0,1500.0,,1,1,0,0,100.0,Familia con un solo articulo | Primario sin ventas registradas
CR,SUPERMERCADOS,SAN JOSE,FAM_1_4_10004_0248,6987,BEVERAGES - CARBONATED-D95,SPRITE,BEB SABOR REGUL PERS,1756,6015,1031.2719,1500.0,1,75382240,BEBIDA SPRITE 1500 ML,17901.0,1190.0,17.0,1,1,0,0,100.0,Familia con un solo articulo
CR,SUPERMERCADOS,SAN JOSE,FAM_1_4_10004_0249,6894,BEVERAGE ALCOHOL - BEER D96,IMPERIAL,ENVASE VACIO CERVEZA,1375,3035,196.62,1.0,1,9608687,ENV VAC FLORIDA VIDR CERV Y REF,1272.0,240.0,6.0,1,1,0,0,100.0,Familia con un solo articulo
CR,SUPERMERCADOS,SAN JOSE,FAM_1_4_10004_0250,6894,BEVERAGE ALCOHOL - BEER D96,IMPERIAL,CERVEZA LAGER PAQ,1000,3035,5309.87,350.0,1,75320610,IMPERIAL SILVER 350MLLT 7 1,0,1500.0,,1,1,0,0,100.0,Familia con un solo articulo | Primario sin ventas registradas
CR,SUPERMERCADOS,SAN JOSE,FAM_1_4_10004_0251,6894,BEVERAGE ALCOHOL - BEER D96,LEFFE,CERVEZA ARTESANAL,1028,3673,1087.4894,330.0,2,75509030,CERVEZA LEFFE OSCURA BOT VD 330ML,7590.0,1430.0,6.0,1,2,0,0,100.0,OK
CR,SUPERMERCADOS,SAN JOSE,FAM_1_4_10004_0252,6987,BEVERAGES - CARBONATED-D95,FANTA,BEB COLA LIGHT PERSO,1702,2238,1154.9956,2500.0,1,75294438,FANTA UVA 2500 ML RET BOT UNIVERSAL,5355.0,1210.0,5.0,1,1,0,0,100.0,Familia con un solo articulo
CR,SUPERMERCADOS,SAN JOSE,FAM_1_4_10004_0253,6894,BEVERAGE ALCOHOL - BEER D96,NEGRA MODELO,CERVEZA LAGER UNIDAD,1025,4484,713.2786,335.0,1,70234756,CERVEZA NEGRA MODELO VIDRIO 335ML,25760.0,1040.0,28.0,1,1,0,0,100.0,Familia con un solo articulo
CR,SUPERMERCADOS,SAN JOSE,FAM_1_4_10004_0254,6894,BEVERAGE ALCOHOL - BEER D96,MILLER,CERVEZA LAGER UNIDAD,1025,4203,915.3,355.0,1,70571423,CERVEZA MILLER BOT GEN DRAFT 355ML,3081.0,1160.0,3.0,1,1,0,0,100.0,Familia con un solo articulo
CR,SUPERMERCADOS,SAN JOSE,FAM_1_4_10004_0255,6894,BEVERAGE ALCOHOL - BEER D96,MENABREA,CERVEZA LAGER UNIDAD,1025,33827,1087.06,330.0,1,70507182,CERVEZA MENABREA BIONDA BOT 330 ML,0,1400.0,,1,1,0,0,100.0,Familia con un solo articulo | Primario sin ventas registradas
CR,SUPERMERCADOS,SAN JOSE,FAM_1_4_10004_0256,6894,BEVERAGE ALCOHOL - BEER D96,SAMUEL ADAMS,CERVEZA ARTESANAL,1028,36184,1072.9802,355.0,1,70111400,CERVEZA SAMUEL ADAMS BOTELLA 355ML,13728.0,1410.0,11.0,1,1,0,0,100.0,Familia con un solo articulo
CR,SUPERMERCADOS,SAN JOSE,FAM_1_4_10004_0257,6894,BEVERAGE ALCOHOL - BEER D96,DAURA,CERVEZA UD GF,1301,47717,1322.1,330.0,1,70593518,CERVEZA DAMM DAURA SIN GLUTEN BOTE 330ML,17764.0,1440.0,15.0,1,1,0,0,100.0,Familia con un solo articulo
CR,SUPERMERCADOS,SAN JOSE,FAM_1_4_10004_0258,6894,BEVERAGE ALCOHOL - BEER D96,BUSCH LIGHT,CERVEZA LAGER PAQ,1000,52976,359.9954,355.0,1,75348870,CERVEZA BUSCH LIGHT LATA 355 ML,20160.0,570.0,40.0,1,1,0,0,100.0,Familia con un solo articulo
CR,SUPERMERCADOS,SAN JOSE,FAM_1_4_10004_0259,6894,BEVERAGE ALCOHOL - BEER D96,SOL,CERVEZA LAGER UNIDAD,1025,5935,837.33,330.0,1,70369434,CERVEZA SOL 330ML BOTELLA,0,980.0,,1,1,0,0,100.0,Familia con un solo articulo | Primario sin ventas registradas
CR,SUPERMERCADOS,SAN JOSE,FAM_1_4_10004_0260,6894,BEVERAGE ALCOHOL - BEER D96,PRESIDENTE,CERVEZA PILSENER UND,1275,5150,3419.945,2130.0,2,75348873,CERVEZA PRESIDENTE 6 PACK LATA 355 ML,0,4510.0,,1,2,0,0,100.0,Primario sin ventas registradas
CR,SUPERMERCADOS,SAN JOSE,FAM_1_4_10004_0261,6894,BEVERAGE ALCOHOL - BEER D96,NATURAL LIGHT,CERVEZA LAGER PAQ,1000,230608,2174.9675,2130.0,1,75519440,CERVEZA NATURAL LIGHT 6 PACK 355ML,0,2900.0,,1,1,0,0,100.0,Familia con un solo articulo | Primario sin ventas registradas
CR,SUPERMERCADOS,SAN JOSE,FAM_1_4_10004_0262,6987,BEVERAGES - CARBONATED-D95,CANADA DRY,BEB COLA REGUL PERSO,1706,969,621.5,355.0,1,75244621,CANADA DRY BLACK BERRY 355ML,1504.0,850.0,2.0,1,1,0,0,100.0,Familia con un solo articulo
CR,SUPERMERCADOS,SAN JOSE,FAM_1_4_10004_0263,6894,BEVERAGE ALCOHOL - BEER D96,MILWAUKEES,CERVEZA LAGER PAQ,1000,41923,6661.35,4260.0,1,70014684,CERVEZ MILWAUK BEST ICE LATA 12PK 4260ML,0,7100.0,,1,1,0,0,100.0,Familia con un solo articulo | Primario sin ventas registradas
CR,SUPERMERCADOS,SAN JOSE,FAM_1_4_10004_0264,6894,BEVERAGE ALCOHOL - BEER D96,ESTRELLA,CERVEZA LAGER PAQ,1000,2142,5669.21,1980.0,1,75380142,CERVEZA DAMM 6PK INEDIT 1980 ML,0,4500.0,,1,1,0,0,100.0,Familia con un solo articulo | Primario sin ventas registradas
CR,SUPERMERCADOS,SAN JOSE,FAM_1_4_10004_0265,6894,BEVERAGE ALCOHOL - BEER D96,BUDWEISER,CERVEZA LAGER PAQ,1000,890,4242.0426,2100.0,1,70120477,CERV BUDWEISER 6 PACK VID,0,5750.0,,1,1,0,0,100.0,Familia con un solo articulo | Primario sin ventas registradas
CR,SUPERMERCADOS,SAN JOSE,FAM_1_4_10004_0266,6987,BEVERAGES - CARBONATED-D95,COCA-COLA,BEB COLA REGUL FAMIL,1704,1324,1060.2338,1500.0,1,9525151,REFRESCO GASEOSO COCA COLA PET 1500ML,113619.0,1190.0,108.0,1,1,0,0,100.0,Familia con un solo articulo
CR,SUPERMERCADOS,SAN JOSE,FAM_1_4_10004_0267,6894,BEVERAGE ALCOHOL - BEER D96,CORONA,CERVEZA LAGER UNIDAD,1025,1434,899.6721,330.0,1,75430266,CERVEZA CORONA BOT 330 ML,0,1200.0,,1,1,0,0,100.0,Familia con un solo articulo | Primario sin ventas registradas
CR,SUPERMERCADOS,SAN JOSE,FAM_1_4_10004_0268,6894,BEVERAGE ALCOHOL - BEER D96,MODELO,CERVEZA LAGER UNIDAD,1025,4259,839.9968,355.0,1,70609777,CERVEZA MODELO LATA 355ML,0,910.0,,1,1,0,0,100.0,Familia con un solo articulo | Primario sin ventas registradas
CR,SUPERMERCADOS,SAN JOSE,FAM_1_4_10004_0269,6987,BEVERAGES - CARBONATED-D95,COCA-COLA,CAJA/ENV PLAST/GASEO,1708,1324,600.03,1.0,1,9509275,ENV GAS COCA C 2.50 L RETORN 1EA,2019.0,760.0,3.0,1,1,0,0,100.0,Familia con un solo articulo
CR,SUPERMERCADOS,SAN JOSE,FAM_1_4_10004_0270,6894,BEVERAGE ALCOHOL - BEER D96,CORONA,CERVEZA LAGER PAQ,1000,1434,2250.1125,1242.0,1,75519439,CERVEZA CORONITA BOTELLA 6 PK 207 ML,0,3000.0,,1,1,0,0,100.0,Familia con un solo articulo | Primario sin ventas registradas
CR,SUPERMERCADOS,SAN JOSE,FAM_1_4_10004_0271,6987,BEVERAGES - CARBONATED-D95,COTUBA,BEB SABOR REGUL FAMI,1754,1464,901.74,2000.0,1,70677266,BEBIDA GUARANA COTUBA 2000 ML,8850.0,1000.0,10.0,1,1,0,0,100.0,Familia con un solo articulo
CR,SUPERMERCADOS,SAN JOSE,FAM_1_4_10004_0272,6894,BEVERAGE ALCOHOL - BEER D96,MILLER,CERVEZA LAGER UNIDAD,1025,4203,885.92,473.0,2,75464108,CERVEZA MILLER LITE LATA 473 ML,0,1190.0,,1,2,0,0,100.0,Primario sin ventas registradas
CR,SUPERMERCADOS,SAN JOSE,FAM_1_4_10004_0273,6894,BEVERAGE ALCOHOL - BEER D96,CORONA,CERVEZA LAGER PAQ,1000,1434,4799.9575,2130.0,1,75519442,CERVEZA CORONA 6 PACK LATA 355 ML,0,6300.0,,1,1,0,0,100.0,Familia con un solo articulo | Primario sin ventas registradas
CR,SUPERMERCADOS,SAN JOSE,FAM_1_4_10004_0274,6894,BEVERAGE ALCOHOL - BEER D96,CARTA BLANCA,CERVEZA LAGER UNIDAD,1025,1059,743.54,473.0,1,70185189,CERVEZA CARTA BLANCA 473ML,0,800.0,,1,1,0,0,100.0,Familia con un solo articulo | Primario sin ventas registradas
CR,SUPERMERCADOS,SAN JOSE,FAM_1_4_10004_0275,6894,BEVERAGE ALCOHOL - BEER D96,BAVARIA,CERVEZA PILSENER UND,1275,587,805.69,350.0,1,9608274,BAVARIA CERVEZA PREMIUM LATA LIGHT 350ML,0,1000.0,,1,1,0,0,100.0,Familia con un solo articulo | Primario sin ventas registradas
CR,SUPERMERCADOS,SAN JOSE,FAM_1_4_10004_0276,6894,BEVERAGE ALCOHOL - BEER D96,BUSCH,CERVEZA LAGER PAQ,1000,44136,855.0371,740.0,1,75495150,CERVEZA BUSCH LIGHT LT 740ML,14205.0,1070.0,15.0,1,1,0,0,100.0,Familia con un solo articulo
CR,SUPERMERCADOS,SAN JOSE,FAM_1_4_10004_0277,6987,BEVERAGES - CARBONATED-D95,COCA-COLA,BEB COLA LIGHT PERSO,1702,1324,14948.77,2844.0,1,75476139,COCA ZERO MINILATE Y BALON 12P 2844ML,0,10000.0,,1,1,0,0,100.0,Familia con un solo articulo | Primario sin ventas registradas
CR,SUPERMERCADOS,SAN JOSE,FAM_1_4_10004_0278,6894,BEVERAGE ALCOHOL - BEER D96,MILWAUKEES,CERVEZA LAGER PAQ,1000,41923,6415.01,4260.0,1,70571429,CERVEZ MILWAUK BEST ICE LATA 12PK 355 ML,0,7100.0,,1,1,0,0,100.0,Familia con un solo articulo | Primario sin ventas registradas
CR,SUPERMERCADOS,SAN JOSE,FAM_1_4_10004_0279,6987,BEVERAGES - CARBONATED-D95,COTUBA,BEB SABOR REGUL PERS,1756,1464,526.58,600.0,1,70522369,BEBIDA GUARANA COTUBA 600 ML,0,500.0,,1,1,0,0,100.0,Familia con un solo articulo | Primario sin ventas registradas
CR,SUPERMERCADOS,SAN JOSE,FAM_1_4_10004_0280,6894,BEVERAGE ALCOHOL - BEER D96,HOLTLAND,CERVEZA LAGER PAQ,1000,230419,2237.4,1980.0,1,75397702,CERVEZA HOLTLAND 6PACK 1980 ML,0,2790.0,,1,1,0,0,100.0,Familia con un solo articulo | Primario sin ventas registradas
CR,SUPERMERCADOS,SAN JOSE,FAM_1_4_10004_0281,6894,BEVERAGE ALCOHOL - BEER D96,DAMM,CERVEZA ARTESANAL,1028,44749,898.35,330.0,1,70070852,CERVEZA DAMM LEMON BOTELLA 330ML,1106.0,1250.0,1.0,1,1,0,0,100.0,Familia con un solo articulo
CR,SUPERMERCADOS,SAN JOSE,FAM_1_4_10004_0282,6987,BEVERAGES - CARBONATED-D95,69,BEB PACK PERSONAL,1760,1,3362.88,6000.0,1,75255653,24PK REFRESCO BIG COLA 24 PACK 6000ML,0,3000.0,,1,1,0,0,100.0,Familia con un solo articulo | Primario sin ventas registradas
CR,SUPERMERCADOS,SAN JOSE,FAM_1_4_10004_0283,6987,BEVERAGES - CARBONATED-D95,CANADA DRY,BEB COLA LIGHT FAMIL,1700,969,1337.9652,2500.0,1,75156797,REFRESC GAS GINGER ALE SIN AZUCAR 2500ML,199229.0,1610.0,140.0,1,1,0,0,100.0,Familia con un solo articulo
CR,SUPERMERCADOS,SAN JOSE,FAM_1_4_10004_0284,6987,BEVERAGES - CARBONATED-D95,SAN PELLEGRINO,BEB SABOR REGUL PERS,1756,5630,751.45,330.0,1,70250850,AGUA SAN PELLEGRINO QUINADA 330ML,0,1070.0,,1,1,0,0,100.0,Familia con un solo articulo | Primario sin ventas registradas
CR,SUPERMERCADOS,SAN JOSE,FAM_1_4_10004_0285,6987,BEVERAGES - CARBONATED-D95,COCA-COLA,BEB COLA LIGHT PERSO,1702,1324,662.293,354.0,1,9521560,REFRESC GAS COCA COLA ZERO LATA 354ML,33323.0,820.0,46.0,1,1,0,0,100.0,Familia con un solo articulo
CR,SUPERMERCADOS,SAN JOSE,FAM_1_4_10004_0286,6894,BEVERAGE ALCOHOL - BEER D96,ESTRELLA,CERVEZA LAGER UNIDAD,1025,2142,953.8104,330.0,1,70179648,CERVEZA ESTRELLA DE GALICIA LATA 330 ML,0,1190.0,,1,1,0,0,100.0,Familia con un solo articulo | Primario sin ventas registradas
CR,SUPERMERCADOS,SAN JOSE,FAM_1_4_10004_0287,6894,BEVERAGE ALCOHOL - BEER D96,CORONA,CERVEZA LAGER UNIDAD,1025,1434,899.9998,330.0,1,75489414,CERVEZA CORONA VD 330 ML,402498.0,1200.0,553.0,1,1,0,0,100.0,Familia con un solo articulo
CR,SUPERMERCADOS,SAN JOSE,FAM_1_4_10004_0288,6894,BEVERAGE ALCOHOL - BEER D96,LINDEMANS,CERVEZA LAGER UNIDAD,1025,3738,1582.9379,250.0,1,70593523,CERVEZA LINDEMANS MANZANA BOTELLA 250ML,0,1700.0,,1,1,0,0,100.0,Familia con un solo articulo | Primario sin ventas registradas
CR,SUPERMERCADOS,SAN JOSE,FAM_1_4_10004_0289,6894,BEVERAGE ALCOHOL - BEER D96,CORONA,CERVEZA LAGER PAQ,1000,1434,3262.4908,1242.0,1,70026050,CERVEZA CORONA EXTRA BOTELLA 6 PK 207 ML,0,3000.0,,1,1,0,0,100.0,Familia con un solo articulo | Primario sin ventas registradas
CR,SUPERMERCADOS,SAN JOSE,FAM_1_4_10004_0290,6894,BEVERAGE ALCOHOL - BEER D96,ESTRELLA,CERVEZA LAGER PAQ,1000,2142,3528.99,1500.0,2,75380140,CERVEZA DAMM 6PK S ALC 1500 ML,0,3000.0,,1,2,0,0,100.0,Primario sin ventas registradas
CR,SUPERMERCADOS,SAN JOSE,FAM_1_4_10004_0291,6894,BEVERAGE ALCOHOL - BEER D96,LANDERBRAU,CERVEZA LAGER PAQ,1000,50139,1986.54,1980.0,1,75423835,CERVEZA LANDER BRAU LATA 33CL 6P 1980 ML,0,2550.0,,1,1,0,0,100.0,Familia con un solo articulo | Primario sin ventas registradas
CR,SUPERMERCADOS,SAN JOSE,FAM_1_4_10004_0292,6894,BEVERAGE ALCOHOL - BEER D96,CORONA,CERVEZA S/ALCOH UND,1350,1434,874.62,355.0,1,75333738,CERVEZA CORONA CERO 355ML,0,1150.0,,1,1,0,0,100.0,Familia con un solo articulo | Primario sin ventas registradas
CR,SUPERMERCADOS,SAN JOSE,FAM_1_4_10004_0293,6987,BEVERAGES - CARBONATED-D95,COCA-COLA,BEB COLA REGUL PERSO,1706,1324,437.2535,355.0,1,70369307,GASEOSA COCA COLA PET 355ML,89837.0,520.0,197.0,1,1,0,0,100.0,Familia con un solo articulo
CR,SUPERMERCADOS,SAN JOSE,FAM_1_4_10004_0294,6894,BEVERAGE ALCOHOL - BEER D96,MOOSEHEAD,CERVEZA ARTESANAL,1028,43551,728.85,350.0,1,70374369,CERVEZA BOTELLA LAGER MOOSEHEAD 350ML,0,860.0,,1,1,0,0,100.0,Familia con un solo articulo | Primario sin ventas registradas
CR,SUPERMERCADOS,SAN JOSE,FAM_1_4_10004_0295,6894,BEVERAGE ALCOHOL - BEER D96,MICHELOB,CERVEZA LAGER UNIDAD,1025,36178,787.5196,355.0,1,75509280,CERVEZA MICHELOB BOT VD 355 ML,144795.0,1000.0,277.0,1,1,0,0,100.0,Familia con un solo articulo
CR,SUPERMERCADOS,SAN JOSE,FAM_1_4_10004_0296,6987,BEVERAGES - CARBONATED-D95,FANTA,BEB COLA REGUL PERSO,1706,2238,621.5,355.0,3,75244619,FANTA SABOR BERRY 355ML,3450.0,650.0,6.0,1,3,0,0,100.0,OK
CR,SUPERMERCADOS,SAN JOSE,FAM_1_4_10004_0297,6894,BEVERAGE ALCOHOL - BEER D96,POLAR,CERVEZA LAGER UNIDAD,1025,5078,787.5196,355.0,1,75280477,POLAR PILSENER EN LATA 355 ML,0,1050.0,,1,1,0,0,100.0,Familia con un solo articulo | Primario sin ventas registradas
CR,SUPERMERCADOS,SAN JOSE,FAM_1_4_10004_0298,6894,BEVERAGE ALCOHOL - BEER D96,PRESIDENTE,CERVEZA PILSENER UND,1275,5150,824.6175,355.0,1,70504109,CERVEZA PRESIDENTE BOT VIDRIO 355 ML,0,950.0,,1,1,0,0,100.0,Familia con un solo articulo | Primario sin ventas registradas
CR,SUPERMERCADOS,SAN JOSE,FAM_1_4_10004_0299,6987,BEVERAGES - CARBONATED-D95,COCA-COLA,BEB PACK PERSONAL,1760,1324,2574.0044,3000.0,1,75049245,12 PACK COCA COLA ORIGINAL 250 ML,41535.0,3610.0,13.0,1,1,0,0,100.0,Familia con un solo articulo
CR,SUPERMERCADOS,SAN JOSE,FAM_1_4_10004_0300,6894,BEVERAGE ALCOHOL - BEER D96,CORONA,CERVEZA LAGER UNIDAD,1025,1434,809.3173,330.0,1,75010149,CERVEZA CORONA BOTELLA 330 ML,0,1200.0,,1,1,0,0,100.0,Familia con un solo articulo | Primario sin ventas registradas
CR,SUPERMERCADOS,SAN JOSE,FAM_1_4_10004_0301,6894,BEVERAGE ALCOHOL - BEER D96,RED STRIPE,CERVEZA LAGER UNIDAD,1025,39358,857.9977,330.0,1,70021924,CERVEZA RED STRIPE BOTELLA 330ML,5790.0,1090.0,6.0,1,1,0,0,100.0,Familia con un solo articulo
CR,SUPERMERCADOS,SAN JOSE,FAM_1_4_10004_0302,6987,BEVERAGES - CARBONATED-D95,FRESCA,BEB SABOR REGUL PERS,1756,2441,437.2535,355.0,1,70467920,GASEOSA FRESCA PET 355ML,21380.0,510.0,48.0,1,1,0,0,100.0,Familia con un solo articulo
CR,SUPERMERCADOS,SAN JOSE,FAM_1_4_10004_0303,6987,BEVERAGES - CARBONATED-D95,PEPSI,BEB COLA REGUL FAMIL,1704,4907,1480.3,3000.0,1,9506909,REFRESC GAS PEPSI PET 3000ML,53800.0,1520.0,40.0,1,1,0,0,100.0,Familia con un solo articulo
CR,SUPERMERCADOS,SAN JOSE,FAM_1_4_10004_0304,6894,BEVERAGE ALCOHOL - BEER D96,FLENSBURGER,CERVEZA PILSENER UND,1275,50043,1469.0,330.0,1,75400207,CERVEZA FLENSBURGER PILSENER 330 ML,0,2260.0,,1,1,0,0,100.0,Familia con un solo articulo | Primario sin ventas registradas
CR,SUPERMERCADOS,SAN JOSE,FAM_1_4_10004_0305,6894,BEVERAGE ALCOHOL - BEER D96,MOOSEHEAD,CERVEZA LAGER UNIDAD,1025,43551,600.03,355.0,1,70199215,CERVEZA CRACKED CANOE LATA 355 ML,8712.0,820.0,12.0,1,1,0,0,100.0,Familia con un solo articulo
CR,SUPERMERCADOS,SAN JOSE,FAM_1_4_10004_0306,6894,BEVERAGE ALCOHOL - BEER D96,ERDINGER,CERVEZA LAGER PAQ GF,1001,33296,6113.3,1320.0,1,75495609,4PK CERVEZ BOT ERDINGER CON VASO 1320 ML,0,8150.0,,1,1,0,0,100.0,Familia con un solo articulo | Primario sin ventas registradas
CR,SUPERMERCADOS,SAN JOSE,FAM_1_4_10004_0307,6987,BEVERAGES - CARBONATED-D95,CHUBBY,BEB SABOR REGUL FAMI,1754,230394,2058.86,3000.0,1,75101340,BEBIDA CARBONAT SURT CHUBBY 12P 250 ML,2478.0,2800.0,1.0,1,1,0,0,100.0,Familia con un solo articulo
CR,SUPERMERCADOS,SAN JOSE,FAM_1_4_10004_0308,6987,BEVERAGES - CARBONATED-D95,PEPSI,BEB COLA REGUL PERSO,1706,4907,592.12,600.0,1,9521245,REFRESC GAS PEPSI PET 600ML,13205.0,750.0,22.0,1,1,0,0,100.0,Familia con un solo articulo
CR,SUPERMERCADOS,SAN JOSE,FAM_1_4_10004_0309,6987,BEVERAGES - CARBONATED-D95,COCA-COLA,BEB PACK FAMILIAR,1758,1324,3021.4053,7500.0,1,70355406,REFRESC COCAC FUZE Y SQUIRT 3PK 7500ML,0,3500.0,,1,1,0,0,100.0,Familia con un solo articulo | Primario sin ventas registradas
CR,SUPERMERCADOS,SAN JOSE,FAM_1_4_10004_0310,6894,BEVERAGE ALCOHOL - BEER D96,CARTA BLANCA,CERVEZA LAGER UNIDAD,1025,1059,4174.22,3784.0,1,75300717,CERVEZA CARTA BLANCA 8X6 3784 ML,0,5300.0,,1,1,0,0,100.0,Familia con un solo articulo | Primario sin ventas registradas
CR,SUPERMERCADOS,SAN JOSE,FAM_1_4_10004_0311,6894,BEVERAGE ALCOHOL - BEER D96,CORONA,CERVEZA LAGER PAQ,1000,1434,2686.01,2130.0,1,70080646,CERVEZA CORONA 6 PACK LATA 355 ML,0,6300.0,,1,1,0,0,100.0,Familia con un solo articulo | Primario sin ventas registradas
CR,SUPERMERCADOS,SAN JOSE,FAM_1_4_10004_0312,6894,BEVERAGE ALCOHOL - BEER D96,MODELO,CERVEZA LAGER UNIDAD,1025,4259,787.5196,355.0,2,75494729,CERVEZA MODELO ESP VD 355 ML,118920.0,1040.0,161.0,1,2,0,0,100.0,OK
CR,SUPERMERCADOS,SAN JOSE,FAM_1_4_10004_0313,6894,BEVERAGE ALCOHOL - BEER D96,PILSEN,CERVEZA PILSENER UND,1275,4986,709.301,350.0,2,9608302,CERVEZA PILSEN BOTELLA RETORNABLE 350 ML,726.0,820.0,1.0,2,1,1,0,50.0,1/2 SKUs desalineados
CR,SUPERMERCADOS,SAN JOSE,FAM_1_4_10004_0314,6987,BEVERAGES - CARBONATED-D95,7UP,BEB SABOR REGUL PERS,1756,31,963.89,2500.0,1,75255652,REFRESCO GAS 7UP LIMA LIMON PET 2500ML,20843.0,1240.0,19.0,1,1,0,0,100.0,Familia con un solo articulo
CR,SUPERMERCADOS,SAN JOSE,FAM_1_4_10004_0315,6894,BEVERAGE ALCOHOL - BEER D96,DAURA,CERVEZA LAGER UNIDAD,1025,47717,998.92,330.0,1,75276746,CERVEZA DAURA SGLUT LATA 330ML,6105.0,1380.0,5.0,1,1,0,0,100.0,Familia con un solo articulo
CR,SUPERMERCADOS,SAN JOSE,FAM_1_4_10004_0316,6894,BEVERAGE ALCOHOL - BEER D96,STELLA ARTOIS,CERVEZA PILSENER UND,1275,6054,756.0039,330.0,1,70593515,CERVEZA STELLA ARTOIS BOTELLA 330ML,0,1280.0,,1,1,0,0,100.0,Familia con un solo articulo | Primario sin ventas registradas
CR,SUPERMERCADOS,SAN JOSE,FAM_1_4_10004_0317,6987,BEVERAGES - CARBONATED-D95,FRESCA,BEB SABOR REGUL FAMI,1754,2441,1901.6205,3000.0,1,9541783,REFRESCO GASEOSO FRESCA TORONJA 3000ML,44406.0,2100.0,24.0,1,1,0,0,100.0,Familia con un solo articulo
CR,SUPERMERCADOS,SAN JOSE,FAM_1_4_10004_0318,6894,BEVERAGE ALCOHOL - BEER D96,BUDWEISER,CERVEZA LAGER UNIDAD,1025,890,1265.6,740.0,1,70299718,CERVEZA BUDWEISER LATA 740ML,0,1380.0,,1,1,0,0,100.0,Familia con un solo articulo | Primario sin ventas registradas
CR,SUPERMERCADOS,SAN JOSE,FAM_1_4_10004_0319,6987,BEVERAGES - CARBONATED-D95,COCA-COLA,BEB PACK PERSONAL,1760,1324,2136.7509,3000.0,1,75049244,12 PACK COCA COLA SIN AZUCAR 250 ML,293975.0,2500.0,133.0,1,1,0,0,100.0,Familia con un solo articulo
CR,SUPERMERCADOS,SAN JOSE,FAM_1_4_10004_0320,6987,BEVERAGES - CARBONATED-D95,COCA-COLA,BEB PACK FAMILIAR,1758,1324,2404.8773,5000.0,1,70599688,2P 2.5 COCA COLA SIN AZUCAR 5000ML,0,2620.0,,1,1,0,0,100.0,Familia con un solo articulo | Primario sin ventas registradas
CR,SUPERMERCADOS,SAN JOSE,FAM_1_4_10004_0321,6894,BEVERAGE ALCOHOL - BEER D96,HOLTLAND,CERVEZA LAGER UNIDAD,1025,230419,487.5046,330.0,1,75131653,HOLTLAND CERVEZA BELGICA 330ML,487.0,550.0,1.0,1,1,0,0,100.0,Familia con un solo articulo
CR,SUPERMERCADOS,SAN JOSE,FAM_1_4_10004_0322,6894,BEVERAGE ALCOHOL - BEER D96,DAMM,CERVEZA LAGER UNIDAD,1025,44749,784.22,250.0,2,75276744,CERVEZA DAMM S ALC 250ML BOT,0,1080.0,,2,1,1,0,50.0,Primario sin ventas registradas | 1/2 SKUs desalineados
CR,SUPERMERCADOS,SAN JOSE,FAM_1_4_10004_0323,6894,BEVERAGE ALCOHOL - BEER D96,CARLSBERG,CERVEZA LAGER UNIDAD,1025,1034,2855.51,1980.0,1,75378638,CERCEZA CARLSBERG LATA 4MAS2 1980 ML,0,3660.0,,1,1,0,0,100.0,Familia con un solo articulo | Primario sin ventas registradas
CR,SUPERMERCADOS,SAN JOSE,FAM_1_4_10004_0324,6987,BEVERAGES - CARBONATED-D95,COCA-COLA,BEB PACK PERSONAL,1760,1324,4199.08,237.0,1,75313524,12 PK CCSO MINILATA 237 ML,0,4930.0,,1,1,0,0,100.0,Familia con un solo articulo | Primario sin ventas registradas
CR,SUPERMERCADOS,SAN JOSE,FAM_1_4_10004_0325,6987,BEVERAGES - CARBONATED-D95,COCA-COLA,BEB PACK PERSONAL,1760,1324,14948.77,2844.0,1,75476045,COCA COLA MINILATA Y BALON 12P 2844ML,123890.0,14000.0,10.0,1,1,0,0,100.0,Familia con un solo articulo
CR,SUPERMERCADOS,SAN JOSE,FAM_1_4_10004_0326,6894,BEVERAGE ALCOHOL - BEER D96,BUDWEISER,CERVEZA LAGER UNIDAD,1025,890,798.9552,355.0,1,9615827,CERVEZA BUDWEISER BOTELLA 355 ML,0,960.0,,1,1,0,0,100.0,Familia con un solo articulo | Primario sin ventas registradas
CR,SUPERMERCADOS,SAN JOSE,FAM_1_4_10004_0327,6894,BEVERAGE ALCOHOL - BEER D96,LINDEMANS,CERVEZA LAGER UNIDAD,1025,3738,2074.5896,250.0,1,70593522,CERVEZA LINDEMANS ARTESAN MELOCOTO 250ML,0,2590.0,,1,1,0,0,100.0,Familia con un solo articulo | Primario sin ventas registradas
CR,SUPERMERCADOS,SAN JOSE,FAM_1_4_10004_0328,6894,BEVERAGE ALCOHOL - BEER D96,STELLA ARTOIS,CERVEZA PILSENER UND,1275,6054,899.9998,330.0,1,75525775,CERVEZA STELLA LT 330ML,0,1180.0,,1,1,0,0,100.0,Familia con un solo articulo | Primario sin ventas registradas
CR,SUPERMERCADOS,SAN JOSE,FAM_1_4_10004_0329,6894,BEVERAGE ALCOHOL - BEER D96,FLORIDA,ENVASE VACIO CERVEZA,1375,2375,401.15,1.0,1,70155204,FLORIDA ENVASE VACIO CERVEZA 1 L,6656.0,470.0,16.0,1,1,0,0,100.0,Familia con un solo articulo
CR,SUPERMERCADOS,SAN JOSE,FAM_1_4_10004_0330,6987,BEVERAGES - CARBONATED-D95,7UP,BEB SABOR REGUL PERS,1756,31,628.28,600.0,1,9523436,REFRESCO 7UP GASEOSO PET 600ML,10838.0,790.0,17.0,1,1,0,0,100.0,Familia con un solo articulo
CR,SUPERMERCADOS,SAN JOSE,FAM_1_4_10004_0331,6894,BEVERAGE ALCOHOL - BEER D96,MOOSEHEAD,CERVEZA LAGER UNIDAD,1025,43551,728.85,341.0,1,70199225,CERVEZA CRACKED CANOE BOTELLA 341 ML,0,980.0,,1,1,0,0,100.0,Familia con un solo articulo | Primario sin ventas registradas
CR,SUPERMERCADOS,SAN JOSE,FAM_1_4_10004_0332,6894,BEVERAGE ALCOHOL - BEER D96,KRIEK,CERVEZA LAGER UNIDAD,1025,30145,1925.52,250.0,1,70295624,CERVEZA KRIEK LINDEMANS SAB CEREZA 250ML,0,2160.0,,1,1,0,0,100.0,Familia con un solo articulo | Primario sin ventas registradas
CR,SUPERMERCADOS,SAN JOSE,FAM_1_4_10004_0333,6894,BEVERAGE ALCOHOL - BEER D96,LEFFE,CERVEZA ARTESANAL,1028,3673,1276.9,330.0,1,9606223,CERVEZA LEFFE RUBIA BOTELLA 330ML,0,1430.0,,1,1,0,0,100.0,Familia con un solo articulo | Primario sin ventas registradas
